PDBID,CHAIN,WtAA,Pos,Pos,,WtAA,MutAA,TEMP,pH,,,,Exp ddGkcal/mol
2EKT,A,I,29,29,,I,A,25,6,,,,-2.06
2EKT,A,L,30,30,,L,A,25,6,,,,-0.39
2EKT,A,I,31,31,,I,A,25,6,,,,-1.9
2EKT,A,L,33,33,,L,A,25,6,,,,-2.04
2EKT,A,H,25,25,,H,V,0,7,,,,-0.52
2EKT,A,H,37,37,,H,Q,0,7,,,,-1.3
2EKT,A,H,49,49,,H,Q,0,7,,,,-0.62
2EKT,A,H,65,65,,H,Q,0,7,,,,-0.45
2EKT,A,H,83,83,,H,Q,0,7,,,,-0.05
2EKT,A,H,94,94,,H,G,0,7,,,,0.04
2EKT,A,H,98,98,,H,Q,0,7,,,,-0.11
2EKT,A,H,114,114,,H,Q,0,7,,,,-0.26
2EKT,A,H,120,120,,H,F,0,7,,,,-0.68
2EKT,A,G,130,130,,G,A,25,9.6,,,,1.05
2EKT,A,V,67,67,,V,A,25,9.6,,,,0.75
2EKT,A,P,89,89,,P,A,25,9.6,,,,0.59
2EKT,A,H,117,117,,H,A,25,9.6,,,,0.16
2EKT,A,V,14,14,,V,A,25,9.6,,,,-0.67
2EKT,A,T,68,68,,T,A,25,9.6,,,,-0.26
2EKT,A,S,118,118,,S,A,25,9.6,,,,-0.26
2EKT,A,L,12,12,,L,A,25,9.6,,,,-0.44
2EKT,A,L,10,10,,L,A,25,9.6,,,,-0.41
2EKT,A,G,24,24,,G,A,25,9.6,,,,-1.12
2EKT,A,L,138,138,,L,A,25,9.6,,,,-1.78
2EKT,A,V,115,115,,V,A,25,9.6,,,,-1.45
2EKT,A,T,52,52,,T,A,25,9.6,,,,-1.41
2EKT,A,L,150,150,,L,A,25,9.6,,,,-1.6
2EKT,A,I,143,143,,I,A,25,9.6,,,,-1.92
2EKT,A,Q,9,9,,Q,A,5,4.2,,,,-0.89
2EKT,A,Q,9,9,,Q,G,5,4.2,,,,0.5
2EKT,A,E,110,110,,E,A,5,4.2,,,,-0.17
2EKT,A,E,110,110,,E,G,5,4.2,,,,0.89
2EKT,A,K,141,141,,K,A,5,4.2,,,,-0.35
2EKT,A,L,30,30,,L,F,25,7,,,,-0.13
2EKT,A,L,30,30,,L,N,25,7,,,,-5.59
2EKT,A,F,44,44,,F,V,25,7,,,,-2.66
2EKT,A,F,44,44,,F,I,25,7,,,,-0.89
2EKT,A,H,65,65,,H,Q,25,7,,,,-0.54
2EKT,A,H,65,65,,H,A,25,7,,,,0.58
2EKT,A,H,65,65,,H,L,25,7,,,,1.05
2EKT,A,H,65,65,,H,F,25,7,,,,1.51
2EKT,A,V,69,69,,V,F,25,7,,,,0.82
2EKT,A,V,69,69,,V,A,25,7,,,,-0.93
2EKT,A,V,69,69,,V,Q,25,7,,,,-2.42
2EKT,A,V,69,69,,V,N,25,7,,,,-3.81
2EKT,A,V,69,69,,V,S,25,7,,,,-2.99
2EKT,A,V,69,69,,V,T,25,7,,,,-1.67
2EKT,A,I,108,108,,I,F,25,7,,,,0.58
2EKT,A,I,108,108,,I,V,25,7,,,,-1.09
2EKT,A,I,108,108,,I,T,25,7,,,,-2.23
2EKT,A,I,29,29,,I,L,25,11,,,,-0.55
2EKT,A,I,29,29,,I,M,25,11,,,,-0.56
2EKT,A,I,29,29,,I,V,25,11,,,,0.04
2EKT,A,I,29,29,,I,A,25,11,,,,-1.33
2EKT,A,I,112,112,,I,L,25,11,,,,-0.64
2EKT,A,I,112,112,,I,M,25,11,,,,-1.14
2EKT,A,I,112,112,,I,A,25,11,,,,-1.84
2EKT,A,I,143,143,,I,L,25,11,,,,0.63
2EKT,A,I,143,143,,I,M,25,11,,,,0.93
2EKT,A,I,143,143,,I,V,25,11,,,,-0.12
2EKT,A,I,143,143,,I,A,25,11,,,,-1.1
2EKT,A,L,30,30,,L,I,25,11,,,,-1.12
2EKT,A,L,30,30,,L,M,25,11,,,,0.12
2EKT,A,L,30,30,,L,V,25,11,,,,-1.72
2EKT,A,L,30,30,,L,A,25,11,,,,-2.37
2EKT,A,L,70,70,,L,I,25,11,,,,-0.02
2EKT,A,L,70,70,,L,M,25,11,,,,0
2EKT,A,L,70,70,,L,V,25,11,,,,-0.1
2EKT,A,L,70,70,,L,A,25,11,,,,-1.18
2EKT,A,L,136,136,,L,I,25,11,,,,-1.54
2EKT,A,L,136,136,,L,M,25,11,,,,-0.79
2EKT,A,L,136,136,,L,V,25,11,,,,-2.25
2EKT,A,L,50,50,,L,I,25,11,,,,-0.8
2EKT,A,A,131,131,,A,L,-5,7.5,,,,-2.3
2EKT,A,A,131,131,,A,K,-5,7.5,,,,-3.7
2EKT,A,F,124,124,,F,T,-5,7.5,,,,-3.5
2EKT,A,E,5,5,,E,A,25,5,,,,-0.35
2EKT,A,K,134,134,,K,A,25,5,,,,-0.05
2EKT,A,D,123,123,,D,A,25,5,,,,-0.1
2EKT,A,E,19,19,,E,A,25,5,,,,-0.95
2EKT,A,K,78,78,,K,A,25,5,,,,0.2
2EKT,A,D,21,21,,D,A,25,5,,,,-0.5
2EKT,A,R,119,119,,R,A,25,5,,,,-0.65
2EKT,A,D,45,45,,D,A,25,5,,,,0.25
2EKT,A,D,61,61,,D,A,25,5,,,,-0.15
2EKT,A,K,57,57,,K,A,25,5,,,,-0.35
2EKT,A,R,140,140,,R,A,25,5,,,,-0.45
2EKT,A,W,8,8,,W,F,4,7.8,,,,-0.9
2EKT,A,W,15,15,,W,F,4,7.8,,,,-1.1
2EKT,A,M,132,132,,M,A,4,7.8,,,,-2.2
2EKT,A,F,124,124,,F,K,4,7.8,,,,-2.1
2EKT,A,A,131,131,,A,K,4,7.8,,,,-2.1
2EKT,A,A,131,131,,A,L,4,7.8,,,,-0.9
2EKT,A,H,37,37,,H,Q,4,7.8,,,,-0.8
2EKT,A,V,69,69,,V,T,4,7.8,,,,-0.6
2EKT,A,V,14,14,,V,A,25,5,,,,0
2EKT,A,L,116,116,,L,A,25,5,,,,-1.4
2EKT,A,F,124,124,,F,A,25,5,,,,-1.1
2EKT,A,L,136,136,,L,A,25,5,,,,-1.7
2EKT,A,L,12,12,,L,A,25,5,,,,-0.6
2EKT,A,F,107,107,,F,A,25,5,,,,-0.7
2EKT,A,L,138,138,,L,A,25,5,,,,-0.3
2EKT,A,A,16,16,,A,L,25,5,,,,0.1
2EKT,A,A,126,126,,A,L,25,5,,,,0.6
2EKT,A,A,145,145,,A,L,25,5,,,,0.4
2EKT,A,I,29,29,,I,A,25,7,,,,-0.53
2EKT,A,I,29,29,,I,F,25,7,,,,-0.28
2EKT,A,L,33,33,,L,W,25,7,,,,-0.53
2EKT,A,L,33,33,,L,A,25,7,,,,-0.47
2EKT,A,L,33,33,,L,F,25,7,,,,-0.07
2EKT,A,H,65,65,,H,F,25,7,,,,0.81
2EKT,A,H,65,65,,H,A,25,7,,,,0.49
2EKT,A,H,65,65,,H,W,25,7,,,,0.47
2EKT,A,H,65,65,,H,Q,25,7,,,,0.02
2EKT,A,H,65,65,,H,Y,25,7,,,,0.52
2EKT,A,H,65,65,,H,L,25,7,,,,0.61
2EKT,A,H,65,65,,H,I,25,7,,,,0.38
2EKT,A,H,65,65,,H,V,25,7,,,,0.36
2EKT,A,H,65,65,,H,T,25,7,,,,0.23
2EKT,A,H,65,65,,H,N,25,7,,,,-0.33
2EKT,A,H,65,65,,H,R,25,7,,,,-0.08
2EKT,A,H,65,65,,H,G,25,7,,,,-0.04
2EKT,A,T,68,68,,T,F,25,7,,,,0.19
2EKT,A,T,68,68,,T,Q,25,7,,,,0.23
2EKT,A,T,68,68,,T,P,25,7,,,,-0.85
2EKT,A,V,69,69,,V,F,25,7,,,,0.38
2EKT,A,V,69,69,,V,L,25,7,,,,0.42
2EKT,A,V,69,69,,V,W,25,7,,,,-0.07
2EKT,A,V,69,69,,V,I,25,7,,,,0.35
2EKT,A,V,69,69,,V,A,25,7,,,,-0.6
2EKT,A,V,69,69,,V,Y,25,7,,,,-0.17
2EKT,A,V,69,69,,V,T,25,7,,,,-0.57
2EKT,A,I,108,108,,I,F,25,7,,,,0.12
2EKT,A,I,108,108,,I,A,25,7,,,,-0.43