PDBID,CHAIN,WILD_RES,POSITION,SEQ Position,,WILD_RES,MUTANT_RES,TEMPERATURE,PH,,,,EXP_DDG,PROST-SEQ,ZZ,,,,,,,,,EXP_DDG
1AJ3,A,H,10,10,,H,A,25,7,,,,0.5,,-0.8968791,,,,,,,,,0.5
1AJ3,A,I,23,23,,I,A,25,7,,,,-3.6,,-2.3739002,,,,,,,,,-3.6
1AJ3,A,E,25,25,,E,A,25,7,,,,0.1,,-0.5054765,,,,,,,,,0.1
1AJ3,A,K,26,26,,K,A,25,7,,,,0,,-0.8867719,,,,,,,,,0
1AJ3,A,V,30,30,,V,A,25,7,,,,-0.2,,-0.78167355,,,,,,,,,-0.2
1AJ3,A,T,40,40,,T,A,25,7,,,,0.3,,-0.37046438,,,,,,,,,0.3
1AJ3,A,V,42,42,,V,A,25,7,,,,-0.4,,-2.1733108,,,,,,,,,-0.4
1AJ3,A,N,44,44,,N,G,25,7,,,,-0.4,,-1.0449209,,,,,,,,,-0.4
1AJ3,A,L,45,45,,L,A,25,7,,,,-0.2,,-2.9479256,,,,,,,,,-0.2
1AJ3,A,K,47,47,,K,A,25,7,,,,0.4,,-0.49274522,,,,,,,,,0.4
1AJ3,A,K,47,47,,K,G,25,7,,,,-0.5,,-1.1639664,,,,,,,,,-0.5
1AJ3,A,I,84,84,,I,A,25,7,,,,-2,,-2.7226655,,,,,,,,,-2
1AJ3,A,Q,86,86,,Q,A,25,7,,,,0,,0.14471784,,,,,,,,,0
1AJ3,A,Q,86,86,,Q,G,25,7,,,,-1.3,,-1.2294061,,,,,,,,,-1.3
1AJ3,A,L,88,88,,L,A,25,7,,,,-2.8,,-2.5095654,,,,,,,,,-2.8
1AJ3,A,D,93,93,,D,A,25,7,,,,0.7,,-0.067923486,,,,,,,,,0.7
1AJ3,A,D,93,93,,D,G,25,7,,,,-0.3,,-0.67945254,,,,,,,,,-0.3
1AJ3,A,K,96,96,,K,A,25,7,,,,-0.4,,-0.06947464,,,,,,,,,-0.4
1AJ3,A,K,96,96,,K,G,25,7,,,,-1.3,,-1.0685463,,,,,,,,,-1.3
1AJ3,A,L,98,98,,L,A,25,7,,,,-3.8,,-2.0361264,,,,,,,,,-3.8
1AKY,A,Q,48,48,,Q,E,25,7.7,,,,-0.96,,0.14158615,,,,,,,,,-0.96
1AON,U,I,48,48,,I,W,25,7.8,,,,-0.2,,0.29767185,,,,,,,,,-0.2
1APS,A,I,75,75,,I,V,28,5.5,,,,-1.41,,-0.29521763,,,,,,,,,-1.41
1BNI,A,K,27,27,,K,A,25,6.3,,,,0.44,,-0.41778642,,,,,,,,,0.44
1BNI,A,R,59,59,,R,A,25,6.3,,,,0.64,,-1.1516116,,,,,,,,,0.64
1BNI,A,I,76,76,,I,T,25,6.3,,,,-2.64,,-2.4506948,,,,,,,,,-2.64
1BTA,A,K,22,22,,K,Q,25,8,,,,-0.79,,-0.021845281,,,,,,,,,-0.79
1BTA,A,K,60,60,,K,E,25,8,,,,-1.17,,0.29770505,,,,,,,,,-1.17
1BTA,A,R,75,75,,R,L,25,8,,,,0.75,,0.5761862,,,,,,,,,0.75
1BVC,A,H,24,24,,H,V,0,7,,,,-0.52,,1.2882321,,,,,,,,,-0.52
1BVC,A,H,48,48,,H,Q,0,7,,,,-0.62,,-0.29103333,,,,,,,,,-0.62
1BVC,A,H,119,119,,H,F,0,7,,,,-0.68,,0.94716203,,,,,,,,,-0.68
1C9O,A,E,12,12,,E,K,75,7,,,,-0.32,,-0.05030358,,,,,,,,,-0.32
1C9O,A,E,21,21,,E,A,70,7,,,,-0.29,,-0.4805116,,,,,,,,,-0.29
1C9O,A,F,38,38,,F,W,25,7,,,,0.24,,0.18989828,,,,,,,,,0.24
1C9O,A,E,50,50,,E,K,75,7,,,,-0.58,,-0.2855093,,,,,,,,,-0.58
1C9O,A,R,56,56,,R,E,75,7,,,,0.69,,-0.5491743,,,,,,,,,0.69
1CEY,A,D,12,11,,D,A,25,7,,,,2.5,,1.6691241,,,,,,,,,2.5
1CEY,A,F,14,13,,F,N,25,7.5,,,,2.64,,0.14285132,,,,,,,,,2.64
1CEY,A,D,57,56,,D,A,25,7,,,,3.3,,1.202704,,,,,,,,,3.3
1CEY,A,A,77,76,,A,G,25,8,,,,-0.31,,-0.43043298,,,,,,,,,-0.31
1CEY,A,A,80,79,,A,G,25,8,,,,0.43,,-0.12222302,,,,,,,,,0.43
1CEY,A,A,88,87,,A,G,25,8,,,,0.04,,-0.43922335,,,,,,,,,0.04
1CEY,A,A,99,98,,A,G,25,8,,,,-0.48,,-0.9510592,,,,,,,,,-0.48
1CSE,I,V,54,54,,V,A,25,7,,,,-1.58,,-2.5574613,,,,,,,,,-1.58
1CSP,A,E,3,3,,E,Q,55,7.5,,,,1.14,,1.2990689,,,,,,,,,1.14
1CSP,A,E,43,43,,E,S,70,7,,,,0.29,,-0.6343808,,,,,,,,,0.29
1CSP,A,S,48,48,,S,R,70,7,,,,1.58,,0.06228751,,,,,,,,,1.58
1CSP,A,R,56,56,,R,Q,55,7.5,,,,0.28,,-0.30048072,,,,,,,,,0.28
1CUN,A,Q,115,109,,Q,G,25,7,,,,-1.15,,-1.1089258,,,,,,,,,-1.15
1CUN,A,A,126,120,,A,G,25,7,,,,-1.65,,-1.4068546,,,,,,,,,-1.65
1CUN,A,I,128,122,,I,A,25,7,,,,-1.65,,-2.191888,,,,,,,,,-1.65
1CUN,A,I,128,122,,I,V,25,7,,,,-2.85,,-1.1832386,,,,,,,,,-2.85
1CUN,A,K,152,146,,K,A,25,7,,,,-0.15,,-0.20802677,,,,,,,,,-0.15
1CUN,A,K,152,146,,K,G,25,7,,,,-1.45,,-1.131398,,,,,,,,,-1.45
1CUN,A,A,156,150,,A,G,25,7,,,,-1.45,,-1.5771568,,,,,,,,,-1.45
1CUN,A,F,157,151,,F,L,25,7,,,,-1.85,,-0.7140794,,,,,,,,,-1.85
1CUN,A,A,173,167,,A,G,25,7,,,,-1.95,,-1.1224747,,,,,,,,,-1.95
1CUN,A,A,191,185,,A,G,25,7,,,,-1.35,,-1.0408473,,,,,,,,,-1.35
1CUN,A,M,193,187,,M,A,25,7,,,,-2.65,,-2.371327,,,,,,,,,-2.65
1CUN,A,L,196,190,,L,A,25,7,,,,-4.55,,-2.6945558,,,,,,,,,-4.55
1CUN,A,S,201,195,,S,A,25,7,,,,0.15,,0.03525284,,,,,,,,,0.15
1CUN,A,S,201,195,,S,G,25,7,,,,-0.95,,-0.8163487,,,,,,,,,-0.95
1CUN,A,L,203,197,,L,A,25,7,,,,-4.05,,-2.1858256,,,,,,,,,-4.05
1CUN,A,A,212,206,,A,G,25,7,,,,-1.45,,-1.1026924,,,,,,,,,-1.45
1CUN,A,L,214,208,,L,A,25,7,,,,-3.65,,-2.2852814,,,,,,,,,-3.65
1DKT,A,S,9,9,,S,A,10,7.5,,,,-0.43,,-1.4534806,,,,,,,,,-0.43
1DKT,A,K,11,11,,K,A,10,7.5,,,,0.62,,-0.70178545,,,,,,,,,0.62
1DKT,A,S,39,39,,S,A,10,7.5,,,,-0.6,,-0.38986433,,,,,,,,,-0.6
1DKT,A,V,55,55,,V,A,10,7.5,,,,-0.73,,-0.44623238,,,,,,,,,-0.73
1DKT,A,M,58,58,,M,L,10,7.5,,,,-0.23,,-0.6788653,,,,,,,,,-0.23
1DKT,A,R,71,71,,R,A,10,7.5,,,,-0.59,,-1.6561179,,,,,,,,,-0.59
1E65,A,I,7,7,,I,S,26.5,7.3,,,,-3.44,,-0.803537,,,,,,,,,-3.44
1E65,A,I,20,20,,I,T,25,7,,,,-2.39,,-0.48186356,,,,,,,,,-2.39
1E65,A,V,31,31,,V,T,25,7,,,,-1.08,,-0.84998834,,,,,,,,,-1.08
1E65,A,L,50,50,,L,V,25,7,,,,-0.36,,0.71502465,,,,,,,,,-0.36
1E65,A,V,60,60,,V,G,25,7,,,,-3.11,,-1.1424918,,,,,,,,,-3.11
1E65,A,A,82,82,,A,G,25,7,,,,-3.11,,-0.33086455,,,,,,,,,-3.11
1E65,A,V,95,95,,V,T,25,7,,,,0.96,,0.18208307,,,,,,,,,0.96
1E65,A,H,117,117,,H,G,20,7,,,,-2.18,,-1.1224544,,,,,,,,,-2.18
1EY0,A,L,7,7,,L,V,20,7,,,,-1.15,,0.13590789,,,,,,,,,-1.15
1EY0,A,K,9,9,,K,F,20,7,,,,-1.03,,-0.68487906,,,,,,,,,-1.03
1EY0,A,T,13,13,,T,C,20,7,,,,-1.2,,-0.28761142,,,,,,,,,-1.2
1EY0,A,L,14,14,,L,V,20,7,,,,-1.63,,-2.1105776,,,,,,,,,-1.63
1EY0,A,I,15,15,,I,M,20,7,,,,-0.15,,-1.6767197,,,,,,,,,-0.15
1EY0,A,D,19,19,,D,F,20,7,,,,-1.28,,-0.7847599,,,,,,,,,-1.28
1EY0,A,D,21,21,,D,K,20,7,,,,1.1,,-2.7580662,,,,,,,,,1.1
1EY0,A,T,22,22,,T,I,20,7,,,,-0.61,,-1.0002933,,,,,,,,,-0.61
1EY0,A,V,23,23,,V,I,20,7,,,,0.03,,0.07549563,,,,,,,,,0.03
1EY0,A,V,23,23,,V,L,20,7,,,,-0.02,,-0.71688855,,,,,,,,,-0.02
1EY0,A,K,24,24,,K,F,20,7,,,,-0.4,,0.17622647,,,,,,,,,-0.4
1EY0,A,Y,27,27,,Y,C,20,7,,,,-2.72,,0.039021224,,,,,,,,,-2.72
1EY0,A,G,29,29,,G,V,20,7,,,,-3.11,,0.06989971,,,,,,,,,-3.11
1EY0,A,T,33,33,,T,C,20,7,,,,-1.04,,-0.4867714,,,,,,,,,-1.04
1EY0,A,L,36,36,,L,V,20,7,,,,-3.58,,-2.0788503,,,,,,,,,-3.58
1EY0,A,L,37,37,,L,I,20,7,,,,-1.82,,-0.96661305,,,,,,,,,-1.82
1EY0,A,V,39,39,,V,I,20,7,,,,0.11,,-1.052642,,,,,,,,,0.11
1EY0,A,V,39,39,,V,L,20,7,,,,-0.9,,-1.5108423,,,,,,,,,-0.9
1EY0,A,T,41,41,,T,I,20,7,,,,0.86,,-0.49197412,,,,,,,,,0.86
1EY0,A,T,44,44,,T,C,20,7,,,,-0.04,,-0.27674758,,,,,,,,,-0.04
1EY0,A,V,51,51,,V,L,20,7,,,,-0.1,,-1.5167942,,,,,,,,,-0.1
1EY0,A,Y,54,54,,Y,F,20,7,,,,-0.38,,-0.1577577,,,,,,,,,-0.38
1EY0,A,G,55,55,,G,V,20,7,,,,-1.48,,-2.1012115,,,,,,,,,-1.48
1EY0,A,K,63,63,,K,Q,20,7,,,,-0.89,,-0.42458755,,,,,,,,,-0.89
1EY0,A,M,65,65,,M,F,20,7,,,,-1.62,,-0.9128339,,,,,,,,,-1.62
1EY0,A,M,65,65,,M,I,20,7,,,,-1.43,,-0.1974901,,,,,,,,,-1.43
1EY0,A,V,66,66,,V,I,20,7,,,,-0.76,,-0.120845854,,,,,,,,,-0.76
1EY0,A,K,70,70,,K,E,20,7,,,,-0.3,,-2.4359741,,,,,,,,,-0.3
1EY0,A,I,72,72,,I,L,20,7,,,,-0.23,,-1.4231097,,,,,,,,,-0.23
1EY0,A,V,74,74,,V,L,20,7,,,,-1.12,,-1.3087732,,,,,,,,,-1.12
1EY0,A,D,77,77,,D,K,20,7,,,,-3.28,,-1.9898655,,,,,,,,,-3.28
1EY0,A,K,78,78,,K,Q,20,7,,,,-0.15,,-2.6158898,,,,,,,,,-0.15
1EY0,A,T,82,82,,T,C,20,7,,,,-0.19,,-0.39593196,,,,,,,,,-0.19
1EY0,A,T,82,82,,T,I,20,7,,,,0.51,,-1.5485482,,,,,,,,,0.51
1EY0,A,K,84,84,,K,Q,20,7,,,,-0.15,,-2.5313852,,,,,,,,,-0.15
1EY0,A,G,86,86,,G,F,20,7,,,,-1.99,,-0.83481586,,,,,,,,,-1.99
1EY0,A,L,89,89,,L,I,20,7,,,,-1.04,,-1.151162,,,,,,,,,-1.04
1EY0,A,I,92,92,,I,M,20,7,,,,-1.75,,-0.729378,,,,,,,,,-1.75
1EY0,A,G,96,96,,G,F,20,7,,,,-2.55,,0.6276439,,,,,,,,,-2.55
1EY0,A,G,96,96,,G,V,20,7,,,,-3.74,,-1.9815404,,,,,,,,,-3.74
1EY0,A,V,104,104,,V,I,20,7,,,,0.27,,-1.2349106,,,,,,,,,0.27
1EY0,A,R,105,105,,R,C,20,7,,,,-2.55,,0.49644083,,,,,,,,,-2.55
1EY0,A,L,108,108,,L,V,20,7,,,,-3.81,,-0.40868562,,,,,,,,,-3.81
1EY0,A,V,111,111,,V,I,20,7,,,,-0.74,,-1.5679543,,,,,,,,,-0.74
1EY0,A,V,111,111,,V,L,20,7,,,,-0.88,,-1.5410769,,,,,,,,,-0.88
1EY0,A,V,114,114,,V,I,20,7,,,,-0.15,,0.18982849,,,,,,,,,-0.15
1EY0,A,H,124,124,,H,E,20,7,,,,0.46,,0.5302521,,,,,,,,,0.46
1EY0,A,L,125,125,,L,I,20,7,,,,-0.96,,0.49281952,,,,,,,,,-0.96
1EY0,A,L,137,137,,L,V,20,7,,,,-1.42,,-1.109505,,,,,,,,,-1.42
1EY0,A,I,139,139,,I,L,20,7,,,,-0.09,,-0.18177807,,,,,,,,,-0.09
1FNA,A,I,34,29,,I,V,25,5,,,,-0.11,,0.07810867,,,,,,,,,-0.11
1FNA,A,V,50,45,,V,A,25,5,,,,-2.85,,-0.025057077,,,,,,,,,-2.85
1FTG,A,L,6,3,,L,A,34.6,7,,,,-3.11,,0.25889707,,,,,,,,,-3.11
1FTG,A,D,65,62,,D,K,34.6,7,,,,-0.1,,-1.0988766,,,,,,,,,-0.1
1FTG,A,E,72,69,,E,K,37.8,7,,,,1.41,,-0.85213804,,,,,,,,,1.41
1FTG,A,D,75,72,,D,K,37.8,7,,,,1.03,,-0.47477156,,,,,,,,,1.03
1FTG,A,A,84,81,,A,G,34.6,7,,,,-1.9,,1.2352117,,,,,,,,,-1.9
1FTG,A,N,97,94,,N,A,34.6,7,,,,-0.58,,-1.8003325,,,,,,,,,-0.58
1FTG,A,Q,99,96,,Q,A,34.6,7,,,,1.59,,-1.2416751,,,,,,,,,1.59
1FTG,A,S,110,107,,S,A,34.6,7,,,,-0.73,,-1.5453715,,,,,,,,,-0.73
1FTG,A,D,126,123,,D,K,37.8,7,,,,0.81,,-0.42683107,,,,,,,,,0.81
1FTG,A,I,156,153,,I,V,34.6,7,,,,-3.16,,-0.27793533,,,,,,,,,-3.16
1FTG,A,V,160,157,,V,A,34.6,7,,,,-2.07,,-0.52190006,,,,,,,,,-2.07
1G4I,A,F,22,22,,F,I,30,8,,,,1.43,,-0.43995702,,,,,,,,,1.43
1G4I,A,F,22,22,,F,Y,30,8,,,,0.83,,0.09218335,,,,,,,,,0.83
1G4I,A,H,48,48,,H,A,30,8,,,,-1.93,,-0.05107701,,,,,,,,,-1.93
1G4I,A,H,48,48,,H,Q,30,8,,,,-0.49,,0.07854405,,,,,,,,,-0.49
1G4I,A,F,106,106,,F,A,25,8,,,,-1.23,,0.01631841,,,,,,,,,-1.23
1H7M,A,D,2,4,,D,A,25,7.4,,,,-0.53,,0.01727596,,,,,,,,,-0.53
1H7M,A,K,9,11,,K,A,25,7.4,,,,-0.29,,0.92433333,,,,,,,,,-0.29
1H7M,A,K,33,35,,K,A,25,7.4,,,,0.12,,2.3500905,,,,,,,,,0.12
1H7M,A,K,46,48,,K,A,25,7.4,,,,-1.1,,1.8870002,,,,,,,,,-1.1
1H7M,A,E,47,49,,E,A,25,7.4,,,,-0.05,,-0.37101424,,,,,,,,,-0.05
1H7M,A,R,54,56,,R,A,25,7.4,,,,-0.26,,0.3247872,,,,,,,,,-0.26
1H7M,A,E,64,66,,E,A,25,7.4,,,,-0.26,,-0.38025695,,,,,,,,,-0.26
1H7M,A,D,87,89,,D,A,25,7.4,,,,-1.36,,-1.693398,,,,,,,,,-1.36
1HFZ,A,H,32,33,,H,Y,56.2,7.4,,,,0.07,,-2.8261771,,,,,,,,,0.07
1HFZ,A,I,59,60,,I,W,56.2,7.4,,,,-0.93,,-2.2864025,,,,,,,,,-0.93
1HFZ,A,H,107,108,,H,W,56.2,7.4,,,,-1.72,,2.03071,,,,,,,,,-1.72
1HFZ,A,H,107,108,,H,Y,56.2,7.4,,,,-0.19,,-0.83870614,,,,,,,,,-0.19
1HFZ,A,L,110,111,,L,E,56.2,7.4,,,,-0.19,,-1.4673022,,,,,,,,,-0.19
1HFZ,A,K,114,115,,K,E,56.2,7.4,,,,-0.65,,-0.6041789,,,,,,,,,-0.65
1HME,A,G,35,35,,G,H,20,7,,,,-0.33,,-0.68636274,,,,,,,,,-0.33
1HMK,A,V,8,9,,V,A,25,7,,,,-0.83,,-1.9877231,,,,,,,,,-0.83
1HMK,A,L,12,13,,L,A,25,7,,,,-2.73,,-0.1666264,,,,,,,,,-2.73
1HMK,A,V,27,28,,V,A,25,7,,,,-1.24,,-1.304601,,,,,,,,,-1.24
1HMK,A,T,29,30,,T,V,25,7,,,,2.26,,-1.8792655,,,,,,,,,2.26
1HMK,A,I,55,56,,I,V,25,7,,,,-2.72,,-2.7216306,,,,,,,,,-2.72
1HMK,A,W,60,61,,W,A,25,7,,,,-2.01,,-1.6222959,,,,,,,,,-2.01
1HMK,A,I,89,90,,I,V,25,7,,,,-0.86,,-1.6095991,,,,,,,,,-0.86
1HMK,A,I,95,96,,I,V,25,7,,,,-1.72,,-3.2789974,,,,,,,,,-1.72
1HMK,A,L,96,97,,L,A,25,7,,,,-1.75,,-1.3329083,,,,,,,,,-1.75
1HMK,A,Y,103,104,,Y,F,25,7,,,,-2.13,,-0.49207067,,,,,,,,,-2.13
1HMK,A,L,110,111,,L,A,25,7,,,,-0.35,,-1.776747,,,,,,,,,-0.35
1HMS,A,F,4,4,,F,S,37,8,,,,-3.67,,-1.0209442,,,,,,,,,-3.67
1HMS,A,F,16,16,,F,S,37,8,,,,-3.98,,-0.38283235,,,,,,,,,-3.98
1HMS,A,T,40,40,,T,E,25,8,,,,-2.4,,-2.1749978,,,,,,,,,-2.4
1HMS,A,F,57,57,,F,S,25,8,,,,-2.43,,-1.1211592,,,,,,,,,-2.43
1HMS,A,L,66,66,,L,G,37,8,,,,-3.67,,-2.359712,,,,,,,,,-3.67
1HMS,A,R,106,106,,R,T,25,8,,,,-2.84,,-2.1252413,,,,,,,,,-2.84
1IET,A,D,60,64,,D,R,25,7.2,,,,0.14,,0.1647619,,,,,,,,,0.14
1IFC,A,W,6,7,,W,Y,25,7,,,,-0.87,,-0.42065173,,,,,,,,,-0.87
1IFC,A,V,60,61,,V,C,20,8.1,,,,-0.07,,0.22195321,,,,,,,,,-0.07
1IFC,A,V,60,61,,V,N,25,7,,,,-0.83,,0.17418101,,,,,,,,,-0.83
1IFC,A,L,64,65,,L,G,20,7.4,,,,-2.26,,-0.22340226,,,,,,,,,-2.26
1IFC,A,G,65,66,,G,A,20,7.4,,,,-0.94,,-1.040812,,,,,,,,,-0.94
1IFC,A,F,68,69,,F,A,25,7,,,,-0.42,,-0.38743693,,,,,,,,,-0.42
1IFC,A,F,93,94,,F,A,25,7,,,,-2.37,,0.03657499,,,,,,,,,-2.37
1IGV,A,Y,13,13,,Y,F,25,7.1,,,,-1.08,,0.78700954,,,,,,,,,-1.08
1IGV,A,F,66,66,,F,W,25,7,,,,-0.93,,0.5825607,,,,,,,,,-0.93
1IGV,A,V,70,70,,V,L,25,7,,,,-0.13,,-0.061002195,,,,,,,,,-0.13
1IHB,A,F,37,37,,F,H,25,7.5,,,,-0.66,,-1.9435596,,,,,,,,,-0.66
1IHB,A,F,82,82,,F,Q,25,7.5,,,,-0.37,,0.4445248,,,,,,,,,-0.37
1IMQ,A,V,19,19,,V,L,10,6,,,,-1.82,,-0.34925044,,,,,,,,,-1.82
1IMQ,A,E,31,31,,E,L,10,6,,,,-0.67,,-0.7611902,,,,,,,,,-0.67
1IMQ,A,E,41,41,,E,V,10,6,,,,0.89,,0.507946,,,,,,,,,0.89
1IRO,A,V,24,24,,V,I,107,9.1,,,,0.36,,-0.614638,,,,,,,,,0.36
1IRO,A,I,33,33,,I,L,107,9.1,,,,0.76,,-1.0835465,,,,,,,,,0.76
1JIW,I,D,10,10,,D,A,25,7.1,,,,-0.7,,-1.4425029,,,,,,,,,-0.7
1JIW,I,W,15,15,,W,F,25,7.1,,,,-2.3,,-1.243272,,,,,,,,,-2.3
1K9Q,A,L,30,26,,L,Y,56.7,7,,,,0.27,,2.5459986,,,,,,,,,0.27
1KFW,A,N,197,188,,N,K,16,7.5,,,,0.81,,3.1748085,,,,,,,,,0.81
1KFW,A,G,405,396,,G,Q,16,7.5,,,,0.62,,0.86722577,,,,,,,,,0.62
1LNI,A,T,16,16,,T,V,48.4,7,,,,0.3,,2.760335,,,,,,,,,0.3
1LNI,A,Y,30,30,,Y,F,25,7,,,,0.4,,0.17326641,,,,,,,,,0.4
1LNI,A,V,43,43,,V,T,48.4,7,,,,-0.5,,2.5215414,,,,,,,,,-0.5
1LNI,A,Y,55,55,,Y,F,25,7,,,,-0.6,,-1.8150427,,,,,,,,,-0.6
1LNI,A,T,56,56,,T,V,48.4,7,,,,-1.9,,-0.7679087,,,,,,,,,-1.9
1LNI,A,D,79,79,,D,F,49.1,6.8,,,,2.73,,-0.038351297,,,,,,,,,2.73
1LNI,A,D,79,79,,D,I,52.6,7,,,,2.85,,-0.11993879,,,,,,,,,2.85
1LNI,A,D,79,79,,D,K,52.6,7,,,,2.35,,-1.4815791,,,,,,,,,2.35
1LNI,A,D,79,79,,D,L,52.6,7,,,,2.65,,-1.1909914,,,,,,,,,2.65
1LNI,A,D,79,79,,D,N,49.1,6.8,,,,1.46,,-1.0322152,,,,,,,,,1.46
1LNI,A,D,79,79,,D,Y,52.6,7,,,,2.9,,-1.5169466,,,,,,,,,2.9
1LNI,A,Y,80,80,,Y,F,25,7,,,,-1.5,,-2.0843155,,,,,,,,,-1.5
1LNI,A,H,85,85,,H,Q,51.9,6.3,,,,0,,-1.6592972,,,,,,,,,0
1LNI,A,Q,94,94,,Q,K,47.5,6.8,,,,0.56,,-0.1615197,,,,,,,,,0.56
1LZ1,A,G,48,48,,G,A,64.9,2.7,,,,0.45,,-0.24834442,,,,,,,,,0.45
1LZ1,A,G,105,105,,G,A,64.9,2.7,,,,-0.62,,-0.63278306,,,,,,,,,-0.62
1MGR,A,Y,54,54,,Y,F,25,7,,,,-2.6,,-0.31328052,,,,,,,,,-2.6
1MGR,A,Y,84,84,,Y,F,25,7,,,,-1,,-0.54399514,,,,,,,,,-1
1MJC,A,F,20,19,,F,L,25,7,,,,-0.31,,-1.6516194,,,,,,,,,-0.31
1MJC,A,F,20,19,,F,S,25,7,,,,-1.16,,-1.1562696,,,,,,,,,-1.16
1MJC,A,F,31,30,,F,S,25,7,,,,-1.03,,0.651552,,,,,,,,,-1.03
1MJC,A,S,52,51,,S,W,25,7,,,,-0.2,,0.27136186,,,,,,,,,-0.2
1MSI,A,E,25,26,,E,A,25,7,,,,-0.09,,0.22441626,,,,,,,,,-0.09
1MSI,A,R,47,48,,R,A,25,7,,,,-0.74,,0.8135615,,,,,,,,,-0.74
1MSI,A,D,58,59,,D,N,25,7,,,,-0.2,,1.5062599,,,,,,,,,-0.2
1OIA,A,Y,78,78,,Y,F,22,7,,,,0,,1.4867594,,,,,,,,,0
1OIA,A,Y,86,86,,Y,T,22,7,,,,-2.9,,-0.18089062,,,,,,,,,-2.9
1P2P,A,H,48,48,,H,K,20,7,,,,-2.12,,0.73179036,,,,,,,,,-2.12
1QLP,A,A,31,31,,A,L,25,6.5,,,,0.9,,0.6383557,,,,,,,,,0.9
1QLP,A,V,55,55,,V,I,25,6.5,,,,-0.2,,1.4591911,,,,,,,,,-0.2
1QLP,A,A,70,70,,A,G,25,6.5,,,,1.6,,0.2967658,,,,,,,,,1.6
1QLP,A,Y,160,160,,Y,W,25,7.8,,,,1.18,,1.8831862,,,,,,,,,1.18
1QLP,A,A,183,183,,A,I,25,6.5,,,,1.8,,1.9161973,,,,,,,,,1.8
1QLP,A,A,183,183,,A,V,25,6.5,,,,3.8,,0.14783609,,,,,,,,,3.8
1QLP,A,W,238,238,,W,F,25,7.8,,,,0.98,,-0.35376596,,,,,,,,,0.98
1QLP,A,A,248,248,,A,F,25,6.5,,,,1.8,,0.3550917,,,,,,,,,1.8
1QLP,A,A,248,248,,A,I,25,6.5,,,,2.2,,-0.047072053,,,,,,,,,2.2
1QLP,A,A,248,248,,A,L,25,6.5,,,,0.35,,1.0712092,,,,,,,,,0.35
1QLP,A,A,248,248,,A,V,25,6.5,,,,2.3,,-0.015159905,,,,,,,,,2.3
1QLP,A,A,284,284,,A,I,25,6.5,,,,0,,-1.3466171,,,,,,,,,0
1QLP,A,A,284,284,,A,V,25,6.5,,,,0.8,,-0.89265263,,,,,,,,,0.8
1QLP,A,V,321,321,,V,I,25,6.5,,,,0.6,,0.62871873,,,,,,,,,0.6
1QLP,A,S,330,330,,S,R,25,7.8,,,,-2.44,,0.04606417,,,,,,,,,-2.44
1QLP,A,K,331,331,,K,F,25,7.8,,,,1.75,,-2.2506185,,,,,,,,,1.75
1QLP,A,V,364,364,,V,L,25,6.5,,,,-0.3,,0.31529224,,,,,,,,,-0.3
1QLP,A,M,374,374,,M,I,25,6.5,,,,2.3,,-0.1951788,,,,,,,,,2.3
1QLP,A,S,381,381,,S,A,25,6.5,,,,1,,-1.8438463,,,,,,,,,1
1RG8,A,C,16,22,,C,S,25,6.6,,,,-2.81,,-2.1196244,,,,,,,,,-2.81
1RG8,A,L,44,50,,L,F,34.5,7.3,,,,0.59,,-2.0805686,,,,,,,,,0.59
1RG8,A,N,106,112,,N,G,24.9,6.6,,,,0.16,,-2.1579168,,,,,,,,,0.16
1RG8,A,V,109,115,,V,I,34.5,7.3,,,,-0.05,,-3.401357,,,,,,,,,-0.05
1RIS,A,I,8,8,,I,A,25,8,,,,-3.56,,1.0527332,,,,,,,,,-3.56
1RIS,A,L,21,21,,L,A,25,8,,,,-0.16,,0.09728563,,,,,,,,,-0.16
1RIS,A,Y,33,33,,Y,A,25,8,,,,0.41,,-4.6713276,,,,,,,,,0.41
1RIS,A,L,48,48,,L,A,25,8,,,,-0.21,,-3.8547287,,,,,,,,,-0.21
1RIS,A,F,60,60,,F,A,25,8,,,,-0.81,,-1.0757616,,,,,,,,,-0.81
1RIS,A,L,75,75,,L,A,25,8,,,,-1.35,,-2.9109535,,,,,,,,,-1.35
1RIS,A,L,79,79,,L,A,25,8,,,,-3.91,,-2.5928383,,,,,,,,,-3.91
1RN1,C,V,16,16,,V,T,25,7,,,,-3.65,,-1.5393744,,,,,,,,,-3.65
1RN1,C,G,23,23,,G,A,25,7.4,,,,-1.2,,-2.2416804,,,,,,,,,-1.2
1RN1,C,D,49,49,,D,A,37.3,6.3,,,,0.5,,-0.05261886,,,,,,,,,0.5
1RN1,C,V,78,78,,V,S,25,7,,,,-4.73,,-2.4739769,,,,,,,,,-4.73
1RN1,C,V,78,78,,V,T,25,7,,,,-3.59,,-2.358512,,,,,,,,,-3.59
1RTB,A,A,5,5,,A,S,62,7.1,,,,-0.27,,-2.2460198,,,,,,,,,-0.27
1RTB,A,F,46,46,,F,V,24.9,6,,,,-4.55,,-2.1405387,,,,,,,,,-4.55
1RTB,A,V,57,57,,V,A,40,5,,,,-2.85,,-2.4120347,,,,,,,,,-2.85
1RTB,A,V,57,57,,V,L,40,5,,,,-2.37,,-2.8374739,,,,,,,,,-2.37
1RTB,A,V,63,63,,V,A,40,5,,,,-2.03,,-1.0873258,,,,,,,,,-2.03
1RTP,1,K,80,80,,K,S,45.8,7.4,,,,-0.29,,-0.9783404,,,,,,,,,-0.29
1SHF,A,E,107,24,,E,F,25,8,,,,-1.63,,-1.6714921,,,,,,,,,-1.63
1SHF,A,E,107,24,,E,H,25,8,,,,-0.99,,-1.5006485,,,,,,,,,-0.99
1SHF,A,E,107,24,,E,K,25,8,,,,-0.97,,-0.8975909,,,,,,,,,-0.97
1SHF,A,E,107,24,,E,L,25,8,,,,-3.02,,-1.3929693,,,,,,,,,-3.02
1SHF,A,E,107,24,,E,Y,25,8,,,,-2.4,,-0.14127785,,,,,,,,,-2.4
1SHF,A,I,111,28,,I,A,25,7,,,,-2.84,,-1.2073481,,,,,,,,,-2.84
1SHF,A,I,111,28,,I,L,25,7,,,,-0.71,,-1.0480976,,,,,,,,,-0.71
1SHF,A,S,124,41,,S,D,25,8,,,,-2.02,,-3.3023999,,,,,,,,,-2.02
1SHF,A,S,124,41,,S,F,25,8,,,,-1.9,,-1.1437,,,,,,,,,-1.9
1SHF,A,S,124,41,,S,G,25,8,,,,-1.68,,-2.2910523,,,,,,,,,-1.68
1SHF,A,S,124,41,,S,H,25,8,,,,-1.25,,-1.4451402,,,,,,,,,-1.25
1SHF,A,S,124,41,,S,L,25,8,,,,-0.37,,-3.5451488,,,,,,,,,-0.37
1SHF,A,S,124,41,,S,N,25,8,,,,-0.73,,-0.8392799,,,,,,,,,-0.73
1SHF,A,G,128,45,,G,A,25,8,,,,-1.78,,-1.0167152,,,,,,,,,-1.78
1SHF,A,V,138,55,,V,M,25,7,,,,-0.52,,-0.46921617,,,,,,,,,-0.52
1TIT,A,L,60,69,,L,A,25,7.4,,,,-4.88,,-1.9593306,,,,,,,,,-4.88
1TIT,A,C,63,72,,C,S,25,7.3,,,,-2.08,,-2.111019,,,,,,,,,-2.08
1TIT,A,V,86,95,,V,A,25,7.4,,,,-4.45,,-1.9272857,,,,,,,,,-4.45
1TTQ,A,F,22,22,,F,L,25,7.8,,,,-1.05,,-2.8118868,,,,,,,,,-1.05
1TTQ,A,F,22,22,,F,V,25,7.8,,,,-3.44,,-2.652135,,,,,,,,,-3.44
1UZC,A,E,27,27,,E,A,9.9,5.7,,,,-0.62,,-1.5765104,,,,,,,,,-0.62
1UZC,A,Q,38,38,,Q,G,9.9,5.7,,,,-1.57,,0.4947709,,,,,,,,,-1.57
1UZC,A,I,44,44,,I,V,9.9,5.7,,,,-0.3,,0.32778984,,,,,,,,,-0.3
1UZC,A,A,61,61,,A,G,9.9,5.7,,,,-2.07,,-0.22889346,,,,,,,,,-2.07
1YYJ,A,L,3,3,,L,A,25,5,,,,-1.6,,-0.41921055,,,,,,,,,-1.6
1YYJ,A,A,20,20,,A,G,25,5,,,,-1.97,,0.54580045,,,,,,,,,-1.97
1YYJ,A,F,61,61,,F,A,25,5,,,,-4.52,,-0.33133757,,,,,,,,,-4.52
1YYJ,A,F,65,65,,F,A,25,5,,,,-1.92,,-0.5498792,,,,,,,,,-1.92
1YYJ,A,Y,105,105,,Y,A,25,5,,,,-2.36,,1.2596021,,,,,,,,,-2.36
1ZG4,A,W,290,286,,W,F,25,7,,,,-0.83,,-1.9793735,,,,,,,,,-0.83
1ZNJ,B,H,10,10,,H,E,25,8,,,,1.11,,0.9697527,,,,,,,,,1.11
1ZNJ,B,H,10,10,,H,T,25,8,,,,0.03,,0.55888575,,,,,,,,,0.03
1ZNJ,B,F,25,25,,F,D,25,8,,,,0.48,,-0.23516196,,,,,,,,,0.48
2A36,A,T,22,22,,T,A,25,6,,,,0.4,,-0.67846227,,,,,,,,,0.4
2A36,A,T,22,22,,T,F,25,6,,,,1.3,,0.40603155,,,,,,,,,1.3
2A36,A,T,22,22,,T,L,25,6,,,,0.5,,-0.5511099,,,,,,,,,0.5
2A36,A,T,22,22,,T,N,25,6,,,,1.3,,-1.8864908,,,,,,,,,1.3
2DRI,A,V,50,50,,V,E,25,7.7,,,,-3.5,,-2.5327594,,,,,,,,,-3.5
2IMM,A,A,15,15,,A,L,20,7.4,,,,1.36,,-2.6053007,,,,,,,,,1.36
2IMM,A,M,21,21,,M,L,20,7.4,,,,-0.31,,-0.3543843,,,,,,,,,-0.31
2IMM,A,K,24,24,,K,R,20,7.4,,,,-0.17,,-0.49593294,,,,,,,,,-0.17
2IMM,A,Q,79,85,,Q,E,20,7.4,,,,-0.41,,-1.8955996,,,,,,,,,-0.41
2IMM,A,L,106,112,,L,I,20,7.4,,,,0.36,,0.08218333,,,,,,,,,0.36
2LZM,A,G,51,51,,G,D,22,7,,,,-2.63,,0.08101171,,,,,,,,,-2.63
2LZM,A,I,58,58,,I,Y,22,7,,,,-3.11,,2.7634528,,,,,,,,,-3.11
2LZM,A,A,146,146,,A,I,22,7,,,,-4.31,,0.91830695,,,,,,,,,-4.31
2LZM,A,F,153,153,,F,C,22,7,,,,-3.11,,1.2980076,,,,,,,,,-3.11
2NVH,A,R,4,4,,R,Q,25,6.5,,,,-0.57,,-0.1164034,,,,,,,,,-0.57
2NVH,A,N,7,7,,N,D,25,6.5,,,,0.09,,-1.0417577,,,,,,,,,0.09
2NVH,A,C,8,8,,C,S,25,6.5,,,,-3.74,,0.011415303,,,,,,,,,-3.74
2RN2,A,H,62,62,,H,A,25,6.4,,,,0.44,,0.032078147,,,,,,,,,0.44
2RN2,A,H,83,83,,H,A,25,6.4,,,,0.07,,-0.7388023,,,,,,,,,0.07
2TRX,A,D,26,26,,D,I,25,7,,,,3.37,,-0.6614728,,,,,,,,,3.37
2TRX,A,T,66,66,,T,L,25,7,,,,-1.03,,0.072205454,,,,,,,,,-1.03
3GLY,A,G,139,138,,G,A,30,4.5,,,,-1.4,,-1.3485692,,,,,,,,,-1.4
3GLY,A,G,383,382,,G,A,30,4.5,,,,0.11,,-1.1370534,,,,,,,,,0.11
3MBP,A,W,10,10,,W,A,25,7.6,,,,-4.31,,-1.3764037,,,,,,,,,-4.31
3PGK,A,Y,48,48,,Y,W,25,7.5,,,,-1.62,,-1.6916075,,,,,,,,,-1.62
3PGK,A,Y,122,122,,Y,W,25,7.5,,,,-2.19,,-0.06471133,,,,,,,,,-2.19
3PGK,A,F,194,194,,F,W,25,7.5,,,,-1.12,,-0.54661345,,,,,,,,,-1.12
3PGK,A,H,388,388,,H,Q,25,6.5,,,,-0.84,,-0.010198951,,,,,,,,,-0.84
3SIL,A,A,53,50,,A,L,25,7,,,,0.9,,-0.23833531,,,,,,,,,0.9
4LYZ,A,E,35,35,,E,A,35,4.6,,,,1.24,,-0.059856713,,,,,,,,,1.24
5DFR,A,I,2,2,,I,V,15,7.8,,,,-0.55,,-0.21372658,,,,,,,,,-0.55
5DFR,A,W,30,30,,W,M,15,7.8,,,,-1.94,,-0.70793724,,,,,,,,,-1.94
5DFR,A,V,40,40,,V,H,15,7.8,,,,-2.76,,-0.4310282,,,,,,,,,-2.76
5DFR,A,N,59,59,,N,T,15,7.8,,,,-0.05,,-0.39110976,,,,,,,,,-0.05
5DFR,A,N,59,59,,N,W,15,7.8,,,,-0.79,,-1.0042654,,,,,,,,,-0.79
5DFR,A,G,67,67,,G,S,15,7,,,,-0.27,,-4.1184206,,,,,,,,,-0.27
5DFR,A,G,67,67,,G,T,15,7,,,,-0.62,,,,,,,,,,,-0.62
5DFR,A,G,95,95,,G,A,15,7.8,,,,-0.9,,,,,,,,,,,-0.9
5DFR,A,G,121,121,,G,C,15,7,,,,-0.22,,,,,,,,,,,-0.22
5DFR,A,G,121,121,,G,H,15,7,,,,-0.56,,,,,,,,,,,-0.56
5DFR,A,I,155,155,,I,T,15,7.8,,,,-2.53,,,,,,,,,,,-2.53
5PTI,A,A,16,16,,A,T,25,8.7,,,,-1.7,,,,,,,,,,,-1.7
5PTI,A,A,16,16,,A,V,25,8.7,,,,-1.3,,,,,,,,,,,-1.3
5PTI,A,Y,35,35,,Y,D,25,8.7,,,,-3.8,,,,,,,,,,,-3.8
