PDB ID,Chain,Wild,Position,Position,G (kcal/mol) positive is stable,Wild,Mutant,T,pH,Mutant,Uniprot ID,PDB ID,G (kcal/mol) positive is stable,,,Chain,PubMed ID,,T,pH,,G (kcal/mol) positive is stable,,,Protein name,Source,Mutation
1A0F,A,S,11,11,-1.8,S,A,56.68,6.5,A,P0A9D2,1A0F,-1.8,,,A,17223798,,56.68,6.5,,-1.8,,,glutathione_transferases,escherichia_coli,S_11_A
1BA3,A,H,461,461,-1.744741874,H,D,25,7.8,D,P08659,1BA3,-1.744741874,,,A,28711358,,25,7.8,,-1.744741874,,,LUCIFERASE,firefly,H_461_D
1BA3,A,H,489,489,-0.286806883,H,K,25,7.8,K,P08659,1BA3,-0.286806883,,,A,28711358,,25,7.8,,-0.286806883,,,LUCIFERASE,firefly,H_489_K
1BA3,A,H,489,489,0.286806883,H,D,25,7.8,D,P08659,1BA3,0.286806883,,,A,28711358,,25,7.8,,0.286806883,,,LUCIFERASE,firefly,H_489_D
1BA3,A,H,489,489,-0.26290631,H,M,25,7.8,M,P08659,1BA3,-0.26290631,,,A,28711358,,25,7.8,,-0.26290631,,,LUCIFERASE,firefly,H_489_M
1BNL,A,D,76,1647,-0.820574163,D,A,20,7.4,A,P39060,1BNL,-0.820574163,,,A,17544408,,20,7.4,,-0.820574163,,,endostatin,human,D_76_A
1DXX,A,K,18,18,-3.7,K,N,25,7,N,P11532,1DXX,-3.7,,,A,25340340,,25,7,,-3.7,,,N-ABD,human,K_18_N
1E0L,A,Y,11,440,0.633814532,Y,R,25,7,R,Q8CGF7,1E0L,0.633814532,,,A,12651955,,25,7,,0.633814532,,,FBP_WWdomain,Mus_musculus,Y_11_R
1E0L,A,Y,19,448,-1.281500956,Y,L,25,7,L,Q8CGF7,1E0L,-1.281500956,,,A,12651955,,25,7,,-1.281500956,,,FBP_WWdomain,Mus_musculus,Y_19_L
1E0L,A,W,30,459,-0.972734226,W,A,25,7,A,Q8CGF7,1E0L,-0.972734226,,,A,12651955,,25,7,,-0.972734226,,,FBP_WWdomain,Mus_musculus,W_30_A
1E0L,A,W,30,459,0.523386711,W,F,25,7,F,Q8CGF7,1E0L,0.523386711,,,A,12651955,,25,7,,0.523386711,,,FBP_WWdomain,Mus_musculus,W_30_F
1E0W,A,W,85,126,1.076555024,W,A,68,6,A,P26514,1E0W,1.076555024,,,A,10235626,,68,6,,1.076555024,,,Xylanase,Streptpmyces_Lividans,W_85_A
1E0W,A,W,85,126,-2.200956938,W,F,68,6,F,P26514,1E0W,-2.200956938,,,A,10235626,,68,6,,-2.200956938,,,Xylanase,Streptpmyces_Lividans,W_85_F
1E0W,A,W,85,126,-0.526315789,W,H,68,6,H,P26514,1E0W,-0.526315789,,,A,10235626,,68,6,,-0.526315789,,,Xylanase,Streptpmyces_Lividans,W_85_H
1E0W,A,Y,172,213,-2.775119617,Y,A,68,6,A,P26514,1E0W,-2.775119617,,,A,10235626,,68,6,,-2.775119617,,,Xylanase,Streptpmyces_Lividans,Y_172_A
1E0W,A,Y,172,213,-0.502392344,Y,F,68,6,F,P26514,1E0W,-0.502392344,,,A,10235626,,68,6,,-0.502392344,,,Xylanase,Streptpmyces_Lividans,Y_172_F
1E0W,A,Y,172,213,0.861244019,Y,S,68,6,S,P26514,1E0W,0.861244019,,,A,10235626,,68,6,,0.861244019,,,Xylanase,Streptpmyces_Lividans,Y_172_S
1E0W,A,W,266,307,-2.583732057,W,A,68,6,A,P26514,1E0W,-2.583732057,,,A,10235626,,68,6,,-2.583732057,,,Xylanase,Streptpmyces_Lividans,W_266_A
1E0W,A,W,266,307,-1.818181818,W,F,68,6,F,P26514,1E0W,-1.818181818,,,A,10235626,,68,6,,-1.818181818,,,Xylanase,Streptpmyces_Lividans,W_266_F
1E0W,A,W,266,307,-3.995215311,W,H,68,6,H,P26514,1E0W,-3.995215311,,,A,10235626,,68,6,,-3.995215311,,,Xylanase,Streptpmyces_Lividans,W_266_H
1E0W,A,W,274,315,2.272727273,W,A,68,6,A,P26514,1E0W,2.272727273,,,A,10235626,,68,6,,2.272727273,,,Xylanase,Streptpmyces_Lividans,W_274_A
1E0W,A,W,274,315,0.43062201,W,F,68,6,F,P26514,1E0W,0.43062201,,,A,10235626,,68,6,,0.43062201,,,Xylanase,Streptpmyces_Lividans,W_274_F
1E0W,A,W,274,315,0.14354067,W,H,68,6,H,P26514,1E0W,0.14354067,,,A,10235626,,68,6,,0.14354067,,,Xylanase,Streptpmyces_Lividans,W_274_H
1F8I,A,F,345,345,-0.41,F,A,25,8,A,P9WKK7,1F8I,-0.41,,,A,28432345,,25,8,,-0.41,,,MtbICL,Mycobacterium_tuberculosis,F_345_A
1FC1,A,Q,347,230,-1.1,Q,A,20,7.4,A,P01857,1FC1,-1.1,,,A,9649307,,20,7.4,,-1.1,,,immunoglobulin_igg1,human,Q_347_A
1FC1,A,Y,349,232,-0.7,Y,A,20,7.4,A,P01857,1FC1,-0.7,,,A,9649307,,20,7.4,,-0.7,,,immunoglobulin_igg1,human,Y_349_A
1FC1,A,T,350,233,-0.1,T,A,20,7.4,A,P01857,1FC1,-0.1,,,A,9649307,,20,7.4,,-0.1,,,immunoglobulin_igg1,human,T_350_A
1FC1,A,L,351,234,-1.3,L,A,20,7.4,A,P01857,1FC1,-1.3,,,A,9649307,,20,7.4,,-1.3,,,immunoglobulin_igg1,human,L_351_A
1FC1,A,T,366,249,-2.3,T,A,20,7.4,A,P01857,1FC1,-2.3,,,A,9649307,,20,7.4,,-2.3,,,immunoglobulin_igg1,human,T_366_A
1FC1,A,L,368,251,-2.2,L,A,20,7.4,A,P01857,1FC1,-2.2,,,A,9649307,,20,7.4,,-2.2,,,immunoglobulin_igg1,human,L_368_A
1FC1,A,K,370,253,-1.1,K,A,20,7.4,A,P01857,1FC1,-1.1,,,A,9649307,,20,7.4,,-1.1,,,immunoglobulin_igg1,human,K_370_A
1FC1,A,K,392,275,-0.4,K,A,20,7.4,A,P01857,1FC1,-0.4,,,A,9649307,,20,7.4,,-0.4,,,immunoglobulin_igg1,human,K_392_A
1FC1,A,T,394,277,-0.6,T,A,20,7.4,A,P01857,1FC1,-0.6,,,A,9649307,,20,7.4,,-0.6,,,immunoglobulin_igg1,human,T_394_A
1FC1,A,P,395,278,-3.2,P,A,20,7.4,A,P01857,1FC1,-3.2,,,A,9649307,,20,7.4,,-3.2,,,immunoglobulin_igg1,human,P_395_A
1FC1,A,V,397,280,-0.6,V,A,20,7.4,A,P01857,1FC1,-0.6,,,A,9649307,,20,7.4,,-0.6,,,immunoglobulin_igg1,human,V_397_A
1FC1,A,L,398,281,-0.1,L,A,20,7.4,A,P01857,1FC1,-0.1,,,A,9649307,,20,7.4,,-0.1,,,immunoglobulin_igg1,human,L_398_A
1FC1,A,D,399,282,-0.7,D,A,20,7.4,A,P01857,1FC1,-0.7,,,A,9649307,,20,7.4,,-0.7,,,immunoglobulin_igg1,human,D_399_A
1FC1,A,F,405,288,-2.5,F,A,20,7.4,A,P01857,1FC1,-2.5,,,A,9649307,,20,7.4,,-2.5,,,immunoglobulin_igg1,human,F_405_A
1FC1,A,Y,407,290,-2.1,Y,A,20,7.4,A,P01857,1FC1,-2.1,,,A,9649307,,20,7.4,,-2.1,,,immunoglobulin_igg1,human,Y_407_A
1FC1,A,K,409,292,-2.4,K,A,20,7.4,A,P01857,1FC1,-2.4,,,A,9649307,,20,7.4,,-2.4,,,immunoglobulin_igg1,human,K_409_A
1FT8,A,L,212,212,-1.38,L,V,25,7,V,Q9UBU9,1FT8,-1.38,,,A,24535093,,25,7,,-1.38,,,TAPLRR,human,L_212_V
1FT8,A,M,216,216,0.27,M,L,25,7,L,Q9UBU9,1FT8,0.27,,,A,24535093,,25,7,,0.27,,,TAPLRR,human,M_216_L
1FT8,A,L,238,238,-0.35,L,I,25,7,I,Q9UBU9,1FT8,-0.35,,,A,24535093,,25,7,,-0.35,,,TAPLRR,human,L_238_I
1FT8,A,I,264,264,-0.64,I,V,25,7,V,Q9UBU9,1FT8,-0.64,,,A,24535093,,25,7,,-0.64,,,TAPLRR,human,I_264_V
1FT8,A,L,267,267,-0.11,L,I,25,7,I,Q9UBU9,1FT8,-0.11,,,A,24535093,,25,7,,-0.11,,,TAPLRR,human,L_267_I
1FT8,A,V,287,287,-0.16,V,A,25,7,A,Q9UBU9,1FT8,-0.16,,,A,24535093,,25,7,,-0.16,,,TAPLRR,human,V_287_A
1FT8,A,L,293,293,-0.8,L,I,25,7,I,Q9UBU9,1FT8,-0.8,,,A,24535093,,25,7,,-0.8,,,TAPLRR,human,L_293_I
1FT8,A,L,293,293,-1.41,L,V,25,7,V,Q9UBU9,1FT8,-1.41,,,A,24535093,,25,7,,-1.41,,,TAPLRR,human,L_293_V
1FT8,A,L,315,315,-1.65,L,A,25,7,A,Q9UBU9,1FT8,-1.65,,,A,24535093,,25,7,,-1.65,,,TAPLRR,human,L_315_A
1FT8,A,L,317,317,-0.85,L,I,25,7,I,Q9UBU9,1FT8,-0.85,,,A,24535093,,25,7,,-0.85,,,TAPLRR,human,L_317_I
1FT8,A,S,339,339,0.32,S,A,25,7,A,Q9UBU9,1FT8,0.32,,,A,24535093,,25,7,,0.32,,,TAPLRR,human,S_339_A
1FT8,A,L,348,348,-0.53,L,I,25,7,I,Q9UBU9,1FT8,-0.53,,,A,24535093,,25,7,,-0.53,,,TAPLRR,human,L_348_I
1FT8,A,L,349,349,0.05,L,I,25,7,I,Q9UBU9,1FT8,0.05,,,A,24535093,,25,7,,0.05,,,TAPLRR,human,L_349_I
1G3P,A,D,160,178,-0.26290631,D,A,15,7,A,P69168,1G3P,-0.26290631,,,A,19232524,,15,7,,-0.26290631,,,N2domain_G3P,Enterobacteria_phage_M13,D_160_A
1G3P,A,D,160,178,-0.095602294,D,C,15,7,C,P69168,1G3P,-0.095602294,,,A,19232524,,15,7,,-0.095602294,,,N2domain_G3P,Enterobacteria_phage_M13,D_160_C
1G3P,A,D,160,178,-0.358508604,D,E,15,7,E,P69168,1G3P,-0.358508604,,,A,19232524,,15,7,,-0.358508604,,,N2domain_G3P,Enterobacteria_phage_M13,D_160_E
1G3P,A,D,160,178,-0.358508604,D,F,15,7,F,P69168,1G3P,-0.358508604,,,A,19232524,,15,7,,-0.358508604,,,N2domain_G3P,Enterobacteria_phage_M13,D_160_F
1G3P,A,D,160,178,-0.669216061,D,G,15,7,G,P69168,1G3P,-0.669216061,,,A,19232524,,15,7,,-0.669216061,,,N2domain_G3P,Enterobacteria_phage_M13,D_160_G
1G3P,A,D,160,178,0.047801147,D,H,15,7,H,P69168,1G3P,0.047801147,,,A,19232524,,15,7,,0.047801147,,,N2domain_G3P,Enterobacteria_phage_M13,D_160_H
1G3P,A,D,160,178,-0.932122371,D,I,15,7,I,P69168,1G3P,-0.932122371,,,A,19232524,,15,7,,-0.932122371,,,N2domain_G3P,Enterobacteria_phage_M13,D_160_I
1G3P,A,D,160,178,-0.334608031,D,K,15,7,K,P69168,1G3P,-0.334608031,,,A,19232524,,15,7,,-0.334608031,,,N2domain_G3P,Enterobacteria_phage_M13,D_160_K
1G3P,A,D,160,178,-0.549713193,D,L,15,7,L,P69168,1G3P,-0.549713193,,,A,19232524,,15,7,,-0.549713193,,,N2domain_G3P,Enterobacteria_phage_M13,D_160_L
1G3P,A,D,160,178,-0.501912046,D,M,15,7,M,P69168,1G3P,-0.501912046,,,A,19232524,,15,7,,-0.501912046,,,N2domain_G3P,Enterobacteria_phage_M13,D_160_M
1G3P,A,D,160,178,0.071701721,D,N,15,7,N,P69168,1G3P,0.071701721,,,A,19232524,,15,7,,0.071701721,,,N2domain_G3P,Enterobacteria_phage_M13,D_160_N
1G3P,A,D,160,178,-0.645315488,D,P,15,7,P,P69168,1G3P,-0.645315488,,,A,19232524,,15,7,,-0.645315488,,,N2domain_G3P,Enterobacteria_phage_M13,D_160_P
1G3P,A,D,160,178,-0.478011472,D,Q,15,7,Q,P69168,1G3P,-0.478011472,,,A,19232524,,15,7,,-0.478011472,,,N2domain_G3P,Enterobacteria_phage_M13,D_160_Q
1G3P,A,D,160,178,-0.669216061,D,R,15,7,R,P69168,1G3P,-0.669216061,,,A,19232524,,15,7,,-0.669216061,,,N2domain_G3P,Enterobacteria_phage_M13,D_160_R
1G3P,A,D,160,178,-0.286806883,D,S,15,7,S,P69168,1G3P,-0.286806883,,,A,19232524,,15,7,,-0.286806883,,,N2domain_G3P,Enterobacteria_phage_M13,D_160_S
1G3P,A,D,160,178,-0.740917782,D,T,15,7,T,P69168,1G3P,-0.740917782,,,A,19232524,,15,7,,-0.740917782,,,N2domain_G3P,Enterobacteria_phage_M13,D_160_T
1G3P,A,D,160,178,-1.12332696,D,V,15,7,V,P69168,1G3P,-1.12332696,,,A,19232524,,15,7,,-1.12332696,,,N2domain_G3P,Enterobacteria_phage_M13,D_160_V
1G3P,A,D,160,178,-0.167304015,D,W,15,7,W,P69168,1G3P,-0.167304015,,,A,19232524,,15,7,,-0.167304015,,,N2domain_G3P,Enterobacteria_phage_M13,D_160_W
1G3P,A,D,160,178,-0.071701721,D,Y,15,7,Y,P69168,1G3P,-0.071701721,,,A,19232524,,15,7,,-0.071701721,,,N2domain_G3P,Enterobacteria_phage_M13,D_160_Y
1G3P,A,F,136,154,-3.70458891,F,V,40,7,V,P69168,1G3P,-3.70458891,,,A,20394751,,40,7,,-3.70458891,,,N2domain_G3P,Enterobacteria_phage_M13,F_136_V
1G3P,A,Q,137,155,-1.792543021,Q,N,40,7,N,P69168,1G3P,-1.792543021,,,A,20394751,,40,7,,-1.792543021,,,N2domain_G3P,Enterobacteria_phage_M13,Q_137_N
1G3P,A,N,138,156,0.764818356,N,G,40,7,G,P69168,1G3P,0.764818356,,,A,20394751,,40,7,,0.764818356,,,N2domain_G3P,Enterobacteria_phage_M13,N_138_G
1G3P,A,N,139,157,-0.430210325,N,K,40,7,K,P69168,1G3P,-0.430210325,,,A,20394751,,40,7,,-0.430210325,,,N2domain_G3P,Enterobacteria_phage_M13,N_139_K
1G3P,A,N,139,157,-2.031548757,N,V,40,7,V,P69168,1G3P,-2.031548757,,,A,20394751,,40,7,,-2.031548757,,,N2domain_G3P,Enterobacteria_phage_M13,N_139_V
1G3P,A,F,136,154,-3.824091778,F,V,15,7,V,P69168,1G3P,-3.824091778,,,A,20394751,,15,7,,-3.824091778,,,N2domain_G3P,Enterobacteria_phage_M13,F_136_V
1G3P,A,Q,137,155,-1.959847036,Q,N,15,7,N,P69168,1G3P,-1.959847036,,,A,20394751,,15,7,,-1.959847036,,,N2domain_G3P,Enterobacteria_phage_M13,Q_137_N
1G3P,A,N,138,156,0.932122371,N,G,15,7,G,P69168,1G3P,0.932122371,,,A,20394751,,15,7,,0.932122371,,,N2domain_G3P,Enterobacteria_phage_M13,N_138_G
1G3P,A,N,139,157,-0.59751434,N,K,15,7,K,P69168,1G3P,-0.59751434,,,A,20394751,,15,7,,-0.59751434,,,N2domain_G3P,Enterobacteria_phage_M13,N_139_K
1G3P,A,N,139,157,-2.748565966,N,V,15,7,V,P69168,1G3P,-2.748565966,,,A,20394751,,15,7,,-2.748565966,,,N2domain_G3P,Enterobacteria_phage_M13,N_139_V
1G3P,A,R,144,162,0.764818356,R,V,40,7,V,P69168,1G3P,0.764818356,,,A,20394751,,40,7,,0.764818356,,,N2domain_G3P,Enterobacteria_phage_M13,R_144_V
1G3P,A,Q,145,163,0.26290631,Q,N,40,7,N,P69168,1G3P,0.26290631,,,A,20394751,,40,7,,0.26290631,,,N2domain_G3P,Enterobacteria_phage_M13,Q_145_N
1G3P,A,A,147,165,-0.286806883,A,K,40,7,K,P69168,1G3P,-0.286806883,,,A,20394751,,40,7,,-0.286806883,,,N2domain_G3P,Enterobacteria_phage_M13,A_147_K
1G3P,A,R,144,162,0.908221797,R,V,15,7,V,P69168,1G3P,0.908221797,,,A,20394751,,15,7,,0.908221797,,,N2domain_G3P,Enterobacteria_phage_M13,R_144_V
1G3P,A,Q,145,163,0.621414914,Q,N,15,7,N,P69168,1G3P,0.621414914,,,A,20394751,,15,7,,0.621414914,,,N2domain_G3P,Enterobacteria_phage_M13,Q_145_N
1G3P,A,A,147,165,-0.382409178,A,K,15,7,K,P69168,1G3P,-0.382409178,,,A,20394751,,15,7,,-0.382409178,,,N2domain_G3P,Enterobacteria_phage_M13,A_147_K
1GLU,A,C,500,500,-1.08,C,A,25,6.5,A,P06536,1GLU,-1.08,,,A,12051939,,25,6.5,,-1.08,,,GR-DBD78,Rattus_norvegicus,C_500_A
1GUA,B,L,82,82,-1.6,L,I,8,7.5,I,P04049,1GUA,-1.6,,,A,15222756,,8,7.5,,-1.6,,,raf_rbd,human,L_82_I
1GUA,B,L,82,82,-1.7,L,V,8,7.5,V,P04049,1GUA,-1.7,,,A,15222756,,8,7.5,,-1.7,,,raf_rbd,human,L_82_V
1GUA,B,L,82,82,-4.15,L,A,8,7.5,A,P04049,1GUA,-4.15,,,A,15222756,,8,7.5,,-4.15,,,raf_rbd,human,L_82_A
1GUA,B,N,56,56,0.270873168,N,M,25,7,M,P04049,1GUA,0.270873168,,,A,17137592,,25,7,,0.270873168,,,Raf_RBD,Homo_sapiens,N_56_M
1GUA,B,I,58,58,-3.274378585,I,A,25,7,A,P04049,1GUA,-3.274378585,,,A,17137592,,25,7,,-3.274378585,,,Raf_RBD,Homo_sapiens,I_58_A
1GUA,B,I,58,58,-0.771191842,I,L,25,7,L,P04049,1GUA,-0.771191842,,,A,17137592,,25,7,,-0.771191842,,,Raf_RBD,Homo_sapiens,I_58_L
1GUA,B,I,58,58,-1.298597833,I,F,25,7,F,P04049,1GUA,-1.298597833,,,A,17137592,,25,7,,-1.298597833,,,Raf_RBD,Homo_sapiens,I_58_F
1GUA,B,R,59,59,0.178457616,R,A,25,7,A,P04049,1GUA,0.178457616,,,A,17137592,,25,7,,0.178457616,,,Raf_RBD,Homo_sapiens,R_59_A
1GUA,B,V,60,60,-2.251434034,V,A,25,7,A,P04049,1GUA,-2.251434034,,,A,17137592,,25,7,,-2.251434034,,,Raf_RBD,Homo_sapiens,V_60_A
1GUA,B,L,62,62,-3.460006373,L,A,25,7,A,P04049,1GUA,-3.460006373,,,A,17137592,,25,7,,-3.460006373,,,Raf_RBD,Homo_sapiens,L_62_A
1GUA,B,P,63,63,-1.708094328,P,A,25,7,A,P04049,1GUA,-1.708094328,,,A,17137592,,25,7,,-1.708094328,,,Raf_RBD,Homo_sapiens,P_63_A
1GUA,B,N,64,64,-1.140057361,N,A,25,7,A,P04049,1GUA,-1.140057361,,,A,17137592,,25,7,,-1.140057361,,,Raf_RBD,Homo_sapiens,N_64_A
1GUA,B,Q,66,66,-0.503505417,Q,A,25,7,A,P04049,1GUA,-0.503505417,,,A,17137592,,25,7,,-0.503505417,,,Raf_RBD,Homo_sapiens,Q_66_A
1GUA,B,T,68,68,-0.109145953,T,A,25,7,A,P04049,1GUA,-0.109145953,,,A,17137592,,25,7,,-0.109145953,,,Raf_RBD,Homo_sapiens,T_68_A
1GUA,B,V,69,69,-1.116156788,V,A,25,7,A,P04049,1GUA,-1.116156788,,,A,17137592,,25,7,,-1.116156788,,,Raf_RBD,Homo_sapiens,V_69_A
1GUA,B,V,70,70,-1.770235819,V,A,25,7,A,P04049,1GUA,-1.770235819,,,A,17137592,,25,7,,-1.770235819,,,Raf_RBD,Homo_sapiens,V_70_A
1GUA,B,V,72,72,-1.052421925,V,A,25,7,A,P04049,1GUA,-1.052421925,,,A,17137592,,25,7,,-1.052421925,,,Raf_RBD,Homo_sapiens,V_72_A
1GUA,B,V,72,72,-0.863607393,V,I,25,7,I,P04049,1GUA,-0.863607393,,,A,17137592,,25,7,,-0.863607393,,,Raf_RBD,Homo_sapiens,V_72_I
1GUA,B,M,76,76,-0.960803059,M,A,25,7,A,P04049,1GUA,-0.960803059,,,A,17137592,,25,7,,-0.960803059,,,Raf_RBD,Homo_sapiens,M_76_A
1GUA,B,S,77,77,-1.572657744,S,A,25,7,A,P04049,1GUA,-1.572657744,,,A,17137592,,25,7,,-1.572657744,,,Raf_RBD,Homo_sapiens,S_77_A
1GUA,B,S,77,77,0.580783939,S,T,25,7,T,P04049,1GUA,0.580783939,,,A,17137592,,25,7,,0.580783939,,,Raf_RBD,Homo_sapiens,S_77_T
1GUA,B,L,78,78,-3.802581262,L,A,25,7,A,P04049,1GUA,-3.802581262,,,A,17137592,,25,7,,-3.802581262,,,Raf_RBD,Homo_sapiens,L_78_A
1GUA,B,D,80,80,-0.493148502,D,A,25,7,A,P04049,1GUA,-0.493148502,,,A,17137592,,25,7,,-0.493148502,,,Raf_RBD,Homo_sapiens,D_80_A
1GUA,B,C,81,81,0.282823454,C,A,25,7,A,P04049,1GUA,0.282823454,,,A,17137592,,25,7,,0.282823454,,,Raf_RBD,Homo_sapiens,C_81_A
1GUA,B,C,81,81,-0.912205226,C,I,25,7,I,P04049,1GUA,-0.912205226,,,A,17137592,,25,7,,-0.912205226,,,Raf_RBD,Homo_sapiens,C_81_I
1GUA,B,L,82,82,-3.529318037,L,A,25,7,A,P04049,1GUA,-3.529318037,,,A,17137592,,25,7,,-3.529318037,,,Raf_RBD,Homo_sapiens,L_82_A
1GUA,B,A,85,85,-2.148661568,A,G,25,7,G,P04049,1GUA,-2.148661568,,,A,17137592,,25,7,,-2.148661568,,,Raf_RBD,Homo_sapiens,A_85_G
1GUA,B,L,86,86,-3.225780752,L,A,25,7,A,P04049,1GUA,-3.225780752,,,A,17137592,,25,7,,-3.225780752,,,Raf_RBD,Homo_sapiens,L_86_A
1GUA,B,R,89,89,1.07791587,R,L,25,7,L,P04049,1GUA,1.07791587,,,A,17137592,,25,7,,1.07791587,,,Raf_RBD,Homo_sapiens,R_89_L
1GUA,B,L,91,91,-1.575047801,L,A,25,7,A,P04049,1GUA,-1.575047801,,,A,17137592,,25,7,,-1.575047801,,,Raf_RBD,Homo_sapiens,L_91_A
1GUA,B,P,93,93,-0.082058636,P,A,25,7,A,P04049,1GUA,-0.082058636,,,A,17137592,,25,7,,-0.082058636,,,Raf_RBD,Homo_sapiens,P_93_A
1GUA,B,C,95,95,-0.079668579,C,A,25,7,A,P04049,1GUA,-0.079668579,,,A,17137592,,25,7,,-0.079668579,,,Raf_RBD,Homo_sapiens,C_95_A
1GUA,B,C,96,96,-1.759082218,C,A,25,7,A,P04049,1GUA,-1.759082218,,,A,17137592,,25,7,,-1.759082218,,,Raf_RBD,Homo_sapiens,C_96_A
1GUA,B,C,96,96,-0.043021033,C,L,25,7,L,P04049,1GUA,-0.043021033,,,A,17137592,,25,7,,-0.043021033,,,Raf_RBD,Homo_sapiens,C_96_L
1GUA,B,C,96,96,-0.336998088,C,M,25,7,M,P04049,1GUA,-0.336998088,,,A,17137592,,25,7,,-0.336998088,,,Raf_RBD,Homo_sapiens,C_96_M
1GUA,B,A,97,97,-0.862810707,A,G,25,7,G,P04049,1GUA,-0.862810707,,,A,17137592,,25,7,,-0.862810707,,,Raf_RBD,Homo_sapiens,A_97_G
1GUA,B,V,98,98,-1.980560867,V,A,25,7,A,P04049,1GUA,-1.980560867,,,A,17137592,,25,7,,-1.980560867,,,Raf_RBD,Homo_sapiens,V_98_A
1GUA,B,R,100,100,-0.693116635,R,A,25,7,A,P04049,1GUA,-0.693116635,,,A,17137592,,25,7,,-0.693116635,,,Raf_RBD,Homo_sapiens,R_100_A
1GUA,B,E,104,104,0.02071383,E,A,25,7,A,P04049,1GUA,0.02071383,,,A,17137592,,25,7,,0.02071383,,,Raf_RBD,Homo_sapiens,E_104_A
1GUA,B,K,109,109,-0.327437859,K,A,25,7,A,P04049,1GUA,-0.327437859,,,A,17137592,,25,7,,-0.327437859,,,Raf_RBD,Homo_sapiens,K_109_A
1GUA,B,L,112,112,-2.593212237,L,A,25,7,A,P04049,1GUA,-2.593212237,,,A,17137592,,25,7,,-2.593212237,,,Raf_RBD,Homo_sapiens,L_112_A
1GUA,B,D,117,117,-0.705863607,D,A,25,7,A,P04049,1GUA,-0.705863607,,,A,17137592,,25,7,,-0.705863607,,,Raf_RBD,Homo_sapiens,D_117_A
1GUA,B,A,118,118,-1.963033779,A,G,25,7,G,P04049,1GUA,-1.963033779,,,A,17137592,,25,7,,-1.963033779,,,Raf_RBD,Homo_sapiens,A_118_G
1GUA,B,A,118,118,-1.951083493,A,L,25,7,L,P04049,1GUA,-1.951083493,,,A,17137592,,25,7,,-1.951083493,,,Raf_RBD,Homo_sapiens,A_118_L
1GUA,B,L,121,121,-2.534257489,L,A,25,7,A,P04049,1GUA,-2.534257489,,,A,17137592,,25,7,,-2.534257489,,,Raf_RBD,Homo_sapiens,L_121_A
1GUA,B,E,124,124,-0.101179095,E,A,25,7,A,P04049,1GUA,-0.101179095,,,A,17137592,,25,7,,-0.101179095,,,Raf_RBD,Homo_sapiens,E_124_A
1GUA,B,E,125,125,-0.591140854,E,A,25,7,A,P04049,1GUA,-0.591140854,,,A,17137592,,25,7,,-0.591140854,,,Raf_RBD,Homo_sapiens,E_125_A
1GUA,B,L,126,126,-3.405035054,L,A,25,7,A,P04049,1GUA,-3.405035054,,,A,17137592,,25,7,,-3.405035054,,,Raf_RBD,Homo_sapiens,L_126_A
1GUA,B,V,128,128,-3.368387508,V,A,25,7,A,P04049,1GUA,-3.368387508,,,A,17137592,,25,7,,-3.368387508,,,Raf_RBD,Homo_sapiens,V_128_A
1GUA,B,D,129,129,-0.85484385,D,A,25,7,A,P04049,1GUA,-0.85484385,,,A,17137592,,25,7,,-0.85484385,,,Raf_RBD,Homo_sapiens,D_129_A
1HCQ,A,C,67,245,-2.09,C,A,25,6.5,A,P03372,1HCQ,-2.09,,,A,12051939,,25,6.5,,-2.09,,,ER-DBD,human,C_67_A
1HCQ,A,C,67,245,-1.99,C,S,25,6.5,S,P03372,1HCQ,-1.99,,,A,12051939,,25,6.5,,-1.99,,,ER-DBD,human,C_67_S
1IV7,B,C,141,41,0.5,C,A,25,8,A,P02882,1IV7,0.5,,,A,28714672,,25,8,,0.5,,,MONELLIN,Dioscoreophyllum_cumminsii,C_141_A
1IV7,B,A,173,73,0.5,A,C,25,8,C,P02882,1IV7,0.5,,,A,28714672,,25,8,,0.5,,,MONELLIN,Dioscoreophyllum_cumminsii,A_173_C
1IV7,B,A,119,19,-0.7,A,C,25,8,C,P02882,1IV7,-0.7,,,A,28714672,,25,8,,-0.7,,,MONELLIN,Dioscoreophyllum_cumminsii,A_119_C
1IV7,B,L,162,62,-1.9,L,C,25,8,C,P02882,1IV7,-1.9,,,A,28714672,,25,8,,-1.9,,,MONELLIN,Dioscoreophyllum_cumminsii,L_162_C
1IV7,B,F,189,89,-2.5,F,C,25,8,C,P02882,1IV7,-2.5,,,A,28714672,,25,8,,-2.5,,,MONELLIN,Dioscoreophyllum_cumminsii,F_189_C
1IV7,B,L,132,32,-2,L,A,25,8,A,P02882,1IV7,-2,,,A,28714672,,25,8,,-2,,,MONELLIN,Dioscoreophyllum_cumminsii,L_132_A
1J8I,A,R,9,30,-0.1,R,A,25,6,A,P47992,1J8I,-0.1,,,A,23102260,,25,6,,-0.1,,,LTN10,human,R_9_A
1J8I,A,R,23,44,0.8,R,A,25,6,A,P47992,1J8I,0.8,,,A,23102260,,25,6,,0.8,,,LTN10,human,R_23_A
1J8I,A,K,25,46,0.1,K,A,25,6,A,P47992,1J8I,0.1,,,A,23102260,,25,6,,0.1,,,LTN10,human,K_25_A
1J8I,A,R,35,56,-0.1,R,A,25,6,A,P47992,1J8I,-0.1,,,A,23102260,,25,6,,-0.1,,,LTN10,human,R_35_A
1J8I,A,R,43,64,0.7,R,A,25,6,A,P47992,1J8I,0.7,,,A,23102260,,25,6,,0.7,,,LTN10,human,R_43_A
1J8I,A,K,66,87,0.1,K,A,25,6,A,P47992,1J8I,0.1,,,A,23102260,,25,6,,0.1,,,LTN10,human,K_66_A
1JL9,A,A,25,995,-1.44,A,C,22,8.4,C,P01133,1JL9,-1.44,,,A,16274250,,22,8.4,,-1.44,,,EGF,human,A_25_C
1JLV,A,E,64,64,-2.301625239,E,Q,42,6.5,Q,Q7KIF2,1JLV,-2.301625239,,,A,17100654,,42,6.5,,-2.301625239,,,glutathione_transferases,Anopheles_dirus,E_64_Q
1JLV,A,E,64,64,-1.161567878,E,D,42,6.5,D,Q7KIF2,1JLV,-1.161567878,,,A,17100654,,42,6.5,,-1.161567878,,,glutathione_transferases,Anopheles_dirus,E_64_D
1JLV,A,E,64,64,-2.304015296,E,N,42,6.5,N,Q7KIF2,1JLV,-2.304015296,,,A,17100654,,42,6.5,,-2.304015296,,,glutathione_transferases,Anopheles_dirus,E_64_N
1L6H,A,F,39,66,-1.696940727,F,A,25,7,A,Q10ST8,1L6H,-1.696940727,,,A,17729272,,25,7,,-1.696940727,,,nsLTP2,rice,F_39_A
1L6H,A,Y,45,72,-0.549713193,Y,A,25,7,A,Q10ST8,1L6H,-0.549713193,,,A,17729272,,25,7,,-0.549713193,,,nsLTP2,rice,Y_45_A
1L6H,A,Y,48,75,-1.481835564,Y,A,25,7,A,Q10ST8,1L6H,-1.481835564,,,A,17729272,,25,7,,-1.481835564,,,nsLTP2,rice,Y_48_A
1LVM,A,K,45,2082,0.43,K,F,25,8,F,P04517,1LVM,0.43,,,A,17905838,,25,8,,0.43,,,TEV_protease,Tobacco_etch_virus,K_45_F
1LVM,A,L,56,2093,0,L,V,25,8,V,P04517,1LVM,0,,,A,17905838,,25,8,,0,,,TEV_protease,Tobacco_etch_virus,L_56_V
1LVM,A,Q,58,2095,0.6,Q,F,25,8,F,P04517,1LVM,0.6,,,A,17905838,,25,8,,0.6,,,TEV_protease,Tobacco_etch_virus,Q_58_F
1LVM,A,E,106,2143,1.4,E,G,25,8,G,P04517,1LVM,1.4,,,A,17905838,,25,8,,1.4,,,TEV_protease,Tobacco_etch_virus,E_106_G
1LVM,A,S,135,2172,0,S,G,25,8,G,P04517,1LVM,0,,,A,17905838,,25,8,,0,,,TEV_protease,Tobacco_etch_virus,S_135_G
1NMV,A,W,11,11,1,W,L,25,7,L,Q13526,1NMV,1,,,A,25837727,,25,7,,1,,,Pin-1,human,W_11_L
1NMV,A,W,34,34,-1.19,W,L,25,7,L,Q13526,1NMV,-1.19,,,A,25837727,,25,7,,-1.19,,,Pin-1,human,W_34_L
1NMV,A,W,73,73,-0.478,W,L,25,7,L,Q13526,1NMV,-0.478,,,A,25837727,,25,7,,-0.478,,,Pin-1,human,W_73_L
1O6X,A,V,12,27,-1.45,V,A,25,7,A,P48052,1O6X,-1.45,,,A,9799641,,25,7,,-1.45,,,ADA2h,Homo_sapiens,V_12_A
1O6X,A,E,14,29,-0.35,E,A,25,7,A,P48052,1O6X,-0.35,,,A,9799641,,25,7,,-0.35,,,ADA2h,Homo_sapiens,E_14_A
1O6X,A,I,15,30,-0.465,I,V,25,7,V,P48052,1O6X,-0.465,,,A,9799641,,25,7,,-0.465,,,ADA2h,Homo_sapiens,I_15_V
1O6X,A,E,20,35,-1.21,E,G,25,7,G,P48052,1O6X,-1.21,,,A,9799641,,25,7,,-1.21,,,ADA2h,Homo_sapiens,E_20_G
1O6X,A,I,23,38,0.16,I,V,25,7,V,P48052,1O6X,0.16,,,A,9799641,,25,7,,0.16,,,ADA2h,Homo_sapiens,I_23_V
1O6X,A,L,26,41,-1.135,L,V,25,7,V,P48052,1O6X,-1.135,,,A,9799641,,25,7,,-1.135,,,ADA2h,Homo_sapiens,L_26_V
1O6X,A,A,31,46,-0.85,A,G,25,7,G,P48052,1O6X,-0.85,,,A,9799641,,25,7,,-0.85,,,ADA2h,Homo_sapiens,A_31_G
1O6X,A,D,38,53,0.18,D,A,25,7,A,P48052,1O6X,0.18,,,A,9799641,,25,7,,0.18,,,ADA2h,Homo_sapiens,D_38_A
1O6X,A,F,39,54,-1.99,F,L,25,7,L,P48052,1O6X,-1.99,,,A,9799641,,25,7,,-1.99,,,ADA2h,Homo_sapiens,F_39_L
1O6X,A,K,41,56,-2.14,K,A,25,7,A,P48052,1O6X,-2.14,,,A,9799641,,25,7,,-2.14,,,ADA2h,Homo_sapiens,K_41_A
1O6X,A,A,50,65,-1.55,A,G,25,7,G,P48052,1O6X,-1.55,,,A,9799641,,25,7,,-1.55,,,ADA2h,Homo_sapiens,A_50_G
1O6X,A,H,51,66,-0.705,H,A,25,7,A,P48052,1O6X,-0.705,,,A,9799641,,25,7,,-0.705,,,ADA2h,Homo_sapiens,H_51_A
1O6X,A,V,52,67,-1.09,V,A,25,7,A,P48052,1O6X,-1.09,,,A,9799641,,25,7,,-1.09,,,ADA2h,Homo_sapiens,V_52_A
1O6X,A,N,58,73,-0.24,N,A,25,7,A,P48052,1O6X,-0.24,,,A,9799641,,25,7,,-0.24,,,ADA2h,Homo_sapiens,N_58_A
1O6X,A,Q,60,75,-0.445,Q,G,25,7,G,P48052,1O6X,-0.445,,,A,9799641,,25,7,,-0.445,,,ADA2h,Homo_sapiens,Q_60_G
1O6X,A,V,64,79,-0.8,V,G,25,7,G,P48052,1O6X,-0.8,,,A,9799641,,25,7,,-0.8,,,ADA2h,Homo_sapiens,V_64_G
1O6X,A,F,65,80,-1.29,F,A,25,7,A,P48052,1O6X,-1.29,,,A,9799641,,25,7,,-1.29,,,ADA2h,Homo_sapiens,F_65_A
1O6X,A,I,71,86,-1.405,I,V,25,7,V,P48052,1O6X,-1.405,,,A,9799641,,25,7,,-1.405,,,ADA2h,Homo_sapiens,I_71_V
1O6X,A,Y,73,88,-2.94,Y,L,25,7,L,P48052,1O6X,-2.94,,,A,9799641,,25,7,,-2.94,,,ADA2h,Homo_sapiens,Y_73_L
1O6X,A,I,75,90,-1.605,I,A,25,7,A,P48052,1O6X,-1.605,,,A,9799641,,25,7,,-1.605,,,ADA2h,Homo_sapiens,I_75_A
1PRG,A,Q,286,314,-0.3,Q,P,10,8,P,P37231,1PRG,-0.3,,,A,28208577,,10,8,,-0.3,,,PPAR_gamma,human,Q_286_P
1PRG,A,R,288,316,0.06,R,H,10,8,H,P37231,1PRG,0.06,,,A,28208577,,10,8,,0.06,,,PPAR_gamma,human,R_288_H
1PRG,A,V,290,318,0.03,V,M,10,8,M,P37231,1PRG,0.03,,,A,28208577,,10,8,,0.03,,,PPAR_gamma,human,V_290_M
1PRG,A,R,357,385,0.19,R,A,10,8,A,P37231,1PRG,0.19,,,A,28208577,,10,8,,0.19,,,PPAR_gamma,human,R_357_A
1PRG,A,F,360,388,-0.4,F,L,10,8,L,P37231,1PRG,-0.4,,,A,28208577,,10,8,,-0.4,,,PPAR_gamma,human,F_360_L
1PRG,A,P,467,495,0.11,P,L,10,8,L,P37231,1PRG,0.11,,,A,28208577,,10,8,,0.11,,,PPAR_gamma,human,P_467_L
1PRG,A,E,460,488,-0.17,E,K,10,8,K,P37231,1PRG,-0.17,,,A,28208577,,10,8,,-0.17,,,PPAR_gamma,human,E_460_K
2ARF,A,H,1069,1069,-0.717017208,H,Q,20,7,Q,P35670,2ARF,-0.717017208,,,A,18692069,,20,7,,-0.717017208,,,Wilson_ATPase_N-domain,human,H_1069_Q
2CLR,B,H,13,33,0.119502868,H,F,25,7.4,F,P61769,2CLR,0.119502868,,,A,12186550,,25,7.4,,0.119502868,,,BETA_2-MICROGLOBULIN,human,H_13_F
2CLR,B,H,31,51,2.605162524,H,F,25,7.4,F,P61769,2CLR,2.605162524,,,A,12186550,,25,7.4,,2.605162524,,,BETA_2-MICROGLOBULIN,human,H_31_F
2CLR,B,H,51,71,-1.912045889,H,F,25,7.4,F,P61769,2CLR,-1.912045889,,,A,12186550,,25,7.4,,-1.912045889,,,BETA_2-MICROGLOBULIN,human,H_51_F
2CLR,B,H,84,104,-2.629063098,H,A,25,7.4,A,P61769,2CLR,-2.629063098,,,A,12186550,,25,7.4,,-2.629063098,,,BETA_2-MICROGLOBULIN,human,H_84_A
2H3F,A,E,12,12,1.07,E,A,25,7,A,P12497,2H3F,1.07,,,A,27907055,,25,7,,1.07,,,P17_matrix_protein,hiv1,E_12_A
2JOF,1,D,9,9,-0.291586998,D,E,27,7,E,none,2JOF,-0.291586998,,,A,21222485,,27,7,,-0.291586998,,,TC10b,designed,D_9_E
2JOF,1,R,16,16,-0.56166348,R,K,27,7,K,none,2JOF,-0.56166348,,,A,21222485,,27,7,,-0.56166348,,,TC10b,designed,R_16_K
2JOF,1,D,9,9,-0.043021033,D,E,27,2.5,E,none,2JOF,-0.043021033,,,A,21222485,,27,2.5,,-0.043021033,,,TC10b,designed,D_9_E
2JOF,1,P,19,19,-2.820267686,P,A,27,7,A,none,2JOF,-2.820267686,,,A,25184759,,27,7,,-2.820267686,,,TC10b,designed,P_19_A
2JOF,1,S,14,14,-1.434034417,S,A,27,7,A,none,2JOF,-1.434034417,,,A,25184759,,27,7,,-1.434034417,,,TC10b,designed,S_14_A
2JOF,1,P,17,17,-0.645315488,P,A,27,7,A,none,2JOF,-0.645315488,,,A,25184759,,27,7,,-0.645315488,,,TC10b,designed,P_17_A
2JOF,1,P,18,18,-0.239005736,P,A,27,7,A,none,2JOF,-0.239005736,,,A,25184759,,27,7,,-0.239005736,,,TC10b,designed,P_18_A
2JOF,1,S,14,14,-1.290630975,S,A,47,7,A,none,2JOF,-1.290630975,,,A,25184759,,47,7,,-1.290630975,,,TC10b,designed,S_14_A
2JOF,1,P,17,17,-0.501912046,P,A,47,7,A,none,2JOF,-0.501912046,,,A,25184759,,47,7,,-0.501912046,,,TC10b,designed,P_17_A
2JOF,1,P,18,18,-0.358508604,P,A,47,7,A,none,2JOF,-0.358508604,,,A,25184759,,47,7,,-0.358508604,,,TC10b,designed,P_18_A
2JUC,A,R,18,225,-1.75,R,A,25,5.7,A,Q06525,2JUC,-1.75,,,A,29132128,,25,5.7,,-1.75,,,URN1_FF_DOMAIN,Saccharomyces_cerevisiae,R_18_A
2JUC,A,C,57,264,-2.55,C,D,25,5.7,D,Q06525,2JUC,-2.55,,,A,29132128,,25,5.7,,-2.55,,,URN1_FF_DOMAIN,Saccharomyces_cerevisiae,C_57_D
2JUC,A,C,57,264,-0.71,C,S,25,5.7,S,Q06525,2JUC,-0.71,,,A,29132128,,25,5.7,,-0.71,,,URN1_FF_DOMAIN,Saccharomyces_cerevisiae,C_57_S
2N7Z,A,P,88,521,-0.6,P,A,25,8,A,O43353,2N7Z,-0.6,,,A,16501221,,25,8,,-0.6,,,CARD_RICK,human,P_88_A
2NTE,A,R,658,658,-2.3,R,C,10,7.5,C,Q99728,2NTE,-2.3,,,A,26307947,,10,7.5,,-2.3,,,BARD1_BRCT_568-777,human,R_658_C
2NTE,A,I,738,738,-2,I,V,10,7.5,V,Q99728,2NTE,-2,,,A,26307947,,10,7.5,,-2,,,BARD1_BRCT_568-777,human,I_738_V
2PR5,B,H,22,22,0.3,H,K,25,7.9,K,O34627,2PR5,0.3,,,A,23861663,,25,7.9,,0.3,,,FbFP,Bacillus_subtilis,H_22_K
2PR5,B,H,22,22,1.2,H,W,25,7.9,W,O34627,2PR5,1.2,,,A,23861663,,25,7.9,,1.2,,,FbFP,Bacillus_subtilis,H_22_W
2PR5,B,V,25,25,0.4,V,I,25,7.9,I,O34627,2PR5,0.4,,,A,23861663,,25,7.9,,0.4,,,FbFP,Bacillus_subtilis,V_25_I
2PR5,B,T,30,30,0.5,T,M,25,7.9,M,O34627,2PR5,0.5,,,A,23861663,,25,7.9,,0.5,,,FbFP,Bacillus_subtilis,T_30_M
2PR5,B,A,33,33,0.5,A,Y,25,7.9,Y,O34627,2PR5,0.5,,,A,23861663,,25,7.9,,0.5,,,FbFP,Bacillus_subtilis,A_33_Y
2PR5,B,T,50,50,-0.5,T,M,25,7.9,M,O34627,2PR5,-0.5,,,A,23861663,,25,7.9,,-0.5,,,FbFP,Bacillus_subtilis,T_50_M
2PR5,B,T,54,54,0.2,T,Y,25,7.9,Y,O34627,2PR5,0.2,,,A,23861663,,25,7.9,,0.2,,,FbFP,Bacillus_subtilis,T_54_Y
2PR5,B,A,81,81,-0.4,A,M,25,7.9,M,O34627,2PR5,-0.4,,,A,23861663,,25,7.9,,-0.4,,,FbFP,Bacillus_subtilis,A_81_M
2PR5,B,V,88,88,-0.2,V,L,25,7.9,L,O34627,2PR5,-0.2,,,A,23861663,,25,7.9,,-0.2,,,FbFP,Bacillus_subtilis,V_88_L
2PR5,B,V,90,90,-0.7,V,I,25,7.9,I,O34627,2PR5,-0.7,,,A,23861663,,25,7.9,,-0.7,,,FbFP,Bacillus_subtilis,V_90_I
2PR5,B,N,107,107,0.9,N,F,25,7.9,F,O34627,2PR5,0.9,,,A,23861663,,25,7.9,,0.9,,,FbFP,Bacillus_subtilis,N_107_F
2PR5,B,N,107,107,0.8,N,Y,25,7.9,Y,O34627,2PR5,0.8,,,A,23861663,,25,7.9,,0.8,,,FbFP,Bacillus_subtilis,N_107_Y
2PR5,B,D,109,109,0.3,D,E,25,7.9,E,O34627,2PR5,0.3,,,A,23861663,,25,7.9,,0.3,,,FbFP,Bacillus_subtilis,D_109_E
2PR5,B,M,111,111,2.9,M,F,25,7.9,F,O34627,2PR5,2.9,,,A,23861663,,25,7.9,,2.9,,,FbFP,Bacillus_subtilis,M_111_F
2PR5,B,V,120,120,1.4,V,I,25,7.9,I,O34627,2PR5,1.4,,,A,23861663,,25,7.9,,1.4,,,FbFP,Bacillus_subtilis,V_120_I
2PR5,B,N,124,124,1.1,N,F,25,7.9,F,O34627,2PR5,1.1,,,A,23861663,,25,7.9,,1.1,,,FbFP,Bacillus_subtilis,N_124_F
2PR5,B,N,124,124,2.6,N,Y,25,7.9,Y,O34627,2PR5,2.6,,,A,23861663,,25,7.9,,2.6,,,FbFP,Bacillus_subtilis,N_124_Y
2Q98,A,H,138,166,2.04,H,A,25,5.8,A,P01236,2Q98,2.04,,,A,19384991,,25,5.8,,2.04,,,prolactin,human,H_138_A
2Q98,A,H,138,166,0.58,H,A,25,7.8,A,P01236,2Q98,0.58,,,A,19384991,,25,7.8,,0.58,,,prolactin,human,H_138_A
2Q98,A,H,173,201,0.24,H,A,25,5.8,A,P01236,2Q98,0.24,,,A,19384991,,25,5.8,,0.24,,,prolactin,human,H_173_A
2Q98,A,H,173,201,-0.35,H,A,25,7.8,A,P01236,2Q98,-0.35,,,A,19384991,,25,7.8,,-0.35,,,prolactin,human,H_173_A
2Q98,A,H,180,208,1.39,H,A,25,5.8,A,P01236,2Q98,1.39,,,A,19384991,,25,5.8,,1.39,,,prolactin,human,H_180_A
2Q98,A,H,180,208,-0.04,H,A,25,7.8,A,P01236,2Q98,-0.04,,,A,19384991,,25,7.8,,-0.04,,,prolactin,human,H_180_A
2Q98,A,H,195,223,-0.03,H,A,25,5.8,A,P01236,2Q98,-0.03,,,A,19384991,,25,5.8,,-0.03,,,prolactin,human,H_195_A
2Q98,A,H,195,223,0.12,H,A,25,7.8,A,P01236,2Q98,0.12,,,A,19384991,,25,7.8,,0.12,,,prolactin,human,H_195_A
2Q98,A,H,27,55,0.09,H,A,25,5.8,A,P01236,2Q98,0.09,,,A,19384991,,25,5.8,,0.09,,,prolactin,human,H_27_A
2Q98,A,H,27,55,1.29,H,A,25,7.8,A,P01236,2Q98,1.29,,,A,19384991,,25,7.8,,1.29,,,prolactin,human,H_27_A
2Q98,A,H,30,58,3.1,H,A,25,5.8,A,P01236,2Q98,3.1,,,A,19384991,,25,5.8,,3.1,,,prolactin,human,H_30_A
2Q98,A,H,30,58,2.05,H,A,25,7.8,A,P01236,2Q98,2.05,,,A,19384991,,25,7.8,,2.05,,,prolactin,human,H_30_A
2Q98,A,H,46,74,-0.11,H,A,25,5.8,A,P01236,2Q98,-0.11,,,A,19384991,,25,5.8,,-0.11,,,prolactin,human,H_46_A
2Q98,A,H,46,74,1.55,H,A,25,7.8,A,P01236,2Q98,1.55,,,A,19384991,,25,7.8,,1.55,,,prolactin,human,H_46_A
2Q98,A,H,59,87,2.26,H,A,25,5.8,A,P01236,2Q98,2.26,,,A,19384991,,25,5.8,,2.26,,,prolactin,human,H_59_A
2Q98,A,H,59,87,-0.02,H,A,25,7.8,A,P01236,2Q98,-0.02,,,A,19384991,,25,7.8,,-0.02,,,prolactin,human,H_59_A
2Q98,A,H,97,125,1.07,H,A,25,5.8,A,P01236,2Q98,1.07,,,A,19384991,,25,5.8,,1.07,,,prolactin,human,H_97_A
2Q98,A,H,97,125,0.33,H,A,25,7.8,A,P01236,2Q98,0.33,,,A,19384991,,25,7.8,,0.33,,,prolactin,human,H_97_A
3C2I,A,T,158,158,-0.25,T,M,25,7.5,M,P51608,3C2I,-0.25,,,A,26418480,,25,7.5,,-0.25,,,MeCP2_MBD,Homo_sapiens,T_158_M
3C2I,A,R,133,133,-0.365,R,C,25,7.5,C,P51608,3C2I,-0.365,,,A,26418480,,25,7.5,,-0.365,,,MeCP2_MBD,Homo_sapiens,R_133_C
3C2I,A,R,106,106,-0.04,R,W,25,7.5,W,P51608,3C2I,-0.04,,,A,26418480,,25,7.5,,-0.04,,,MeCP2_MBD,Homo_sapiens,R_106_W
3C2I,A,P,152,152,-1.46,P,R,25,7.5,R,P51608,3C2I,-1.46,,,A,26418480,,25,7.5,,-1.46,,,MeCP2_MBD,Homo_sapiens,P_152_R
3C2I,A,S,134,134,-1.045,S,C,25,7.5,C,P51608,3C2I,-1.045,,,A,26418480,,25,7.5,,-1.045,,,MeCP2_MBD,Homo_sapiens,S_134_C
3C2I,A,R,106,106,-0.12,R,Q,25,7.5,Q,P51608,3C2I,-0.12,,,A,26418480,,25,7.5,,-0.12,,,MeCP2_MBD,Homo_sapiens,R_106_Q
3C2I,A,D,156,156,-0.875,D,E,25,7.5,E,P51608,3C2I,-0.875,,,A,26418480,,25,7.5,,-0.875,,,MeCP2_MBD,Homo_sapiens,D_156_E
3C2I,A,R,133,133,-0.235,R,H,25,7.5,H,P51608,3C2I,-0.235,,,A,26418480,,25,7.5,,-0.235,,,MeCP2_MBD,Homo_sapiens,R_133_H
3C2I,A,L,100,100,-1.105,L,V,25,7.5,V,P51608,3C2I,-1.105,,,A,26418480,,25,7.5,,-1.105,,,MeCP2_MBD,Homo_sapiens,L_100_V
3C2I,A,F,155,155,-0.43,F,S,25,7.5,S,P51608,3C2I,-0.43,,,A,26418480,,25,7.5,,-0.43,,,MeCP2_MBD,Homo_sapiens,F_155_S
3C2I,A,T,158,158,-0.47,T,A,25,7.5,A,P51608,3C2I,-0.47,,,A,26418480,,25,7.5,,-0.47,,,MeCP2_MBD,Homo_sapiens,T_158_A
3C2I,A,R,111,111,0.425,R,G,25,7.5,G,P51608,3C2I,0.425,,,A,26418480,,25,7.5,,0.425,,,MeCP2_MBD,Homo_sapiens,R_111_G
3D2C,A,M,134,165,0.66,M,E,25,7.2,E,P37957,3D2C,0.66,,,A,19472328,,25,7.2,,0.66,,,lipase,bacillus_subtilis,M_134_E
3D2C,A,M,137,168,0.98,M,P,25,7.2,P,P37957,3D2C,0.98,,,A,19472328,,25,7.2,,0.98,,,lipase,bacillus_subtilis,M_137_P
3D2C,A,S,163,194,-0.25,S,P,25,7.2,P,P37957,3D2C,-0.25,,,A,19472328,,25,7.2,,-0.25,,,lipase,bacillus_subtilis,S_163_P
3FFN,A,D,187,214,-0.9,D,N,25,7,N,P06396,3FFN,-0.9,,,A,29637772,,25,7,,-0.9,,,Gelsolin,human,D_187_N
4BUQ,A,Y,48,57,-1.435,Y,A,25,7.4,A,A2IC68,4BUQ,-1.435,,,A,28250938,,25,7.4,,-1.435,,,FimH,Escherichia_coli,Y_48_A
4BUQ,A,Y,137,146,0.89,Y,A,25,7.4,A,A2IC68,4BUQ,0.89,,,A,28250938,,25,7.4,,0.89,,,FimH,Escherichia_coli,Y_137_A
4HE7,A,A,19,19,-0.24,A,D,25,7.6,D,P56552,4HE7,-0.24,,,A,27616457,,25,7.6,,-0.24,,,Brazzein,Pentadiplandra_brazzeana,A_19_D
4HE7,A,A,19,19,-0.46,A,K,25,7.6,K,P56552,4HE7,-0.46,,,A,27616457,,25,7.6,,-0.46,,,Brazzein,Pentadiplandra_brazzeana,A_19_K
4HE7,A,A,19,19,0.06,A,G,25,7.6,G,P56552,4HE7,0.06,,,A,27616457,,25,7.6,,0.06,,,Brazzein,Pentadiplandra_brazzeana,A_19_G
5VP3,A,R,39,39,0.413479924,R,K,25,8,K,E0WVU4,5VP3,0.413479924,,,A,26803749,,25,8,,0.413479924,,,mnemiopsin,Mnemiopsis_leidyi,R_39_K
5VP3,A,S,128,128,-0.377629063,S,G,25,8,G,E0WVU4,5VP3,-0.377629063,,,A,26803749,,25,8,,-0.377629063,,,mnemiopsin,Mnemiopsis_leidyi,S_128_G
5VP3,A,V,183,183,0.353728489,V,T,25,8,T,E0WVU4,5VP3,0.353728489,,,A,26803749,,25,8,,0.353728489,,,mnemiopsin,Mnemiopsis_leidyi,V_183_T