PDB,Chain,Wild,Position,Position,G (kcal/mol) positive is stable,Wild,Mutant,Condition T,Condition pH,Mutant,Uniprot ID,PDB,G (kcal/mol) positive is stable,Wild,Mutant,Chain,PubMed,,Condition T,Condition pH,,SolventAcc,Volume Change,__Gexp,,ZZ
1QIR,A,Y,191,180,-2.3,Y,C,25,7.5,C,,1QIR,2.3,TYR,CYS,A,10708649,,25,7.5,,7.7,-106.6,-2.3,,1.0533588
1QIS,A,F,191,180,-1.6,F,C,25,7.5,C,,1QIS,1.6,PHE,CYS,A,10708649,,25,7.5,,9.3,-99.2,-1.6,,1.0764598
1QIT,A,W,191,180,-3.9,W,C,25,7.5,C,,1QIT,3.9,TRP,CYS,A,10708649,,25,7.5,,7.9,-130,-3.9,,2.1181138
1B4X,A,S,191,180,-1.9,S,C,25,7.5,C,,1B4X,1.9,SER,CYS,A,10708649,,25,7.5,,3.8,7.5,-1.9,,1.302748
1BRG,A,L,7,5,-4.1,L,F,25,6.2,F,,1BRG,4.1,LEU,PHE,A,3386721,,25,6.2,,19.2,33.7,-4.1,,2.6876166
1BRH,A,A,14,14,-4.5,A,L,25,6.3,L,,1BRH,4.5,ALA,LEU,A,1569557,,25,6.3,,1.6,80,-4.5,,4.389245
1BNS,A,A,26,26,-1.7,A,T,25,6.3,T,,1BNS,1.7,ALA,THR,A,1569557,,25,6.3,,13.7,41,-1.7,,1.9171513
1BSA,A,V,51,51,-1.1,V,I,25,6.3,I,,1BSA,1.1,VAL,ILE,A,1569557,,25,6.3,,0.6,20.4,-1.1,,1.6152279
1BRI,A,A,76,76,-1.7,A,I,25,6.3,I,,1BRI,1.7,ALA,ILE,A,1569557,,25,6.3,,0,72.6,-1.7,,1.9232188
1BSB,A,V,76,76,-1,V,I,25,6.3,I,,1BSB,1,VAL,ILE,A,1569557,,25,6.3,,0,20.4,-1,,0.8506075
1BAO,A,F,78,78,-1.1,F,Y,25,6.3,Y,,1BAO,1.1,PHE,TYR,A,1569557,,25,6.3,,3.2,7.4,-1.1,,1.2495382
1BRJ,A,A,88,88,-4,A,I,25,6.3,I,,1BRJ,4,ALA,ILE,A,1569557,,25,6.3,,0.3,72.6,-4,,3.946829
1BSC,A,V,88,88,-1.6,V,I,25,6.3,I,,1BSC,1.6,VAL,ILE,A,1569557,,25,6.3,,0,20.4,-1.6,,1.4049435
1BSE,A,V,89,89,-0.5,V,L,25,6.3,L,,1BSE,0.5,VAL,LEU,A,1569557,,25,6.3,,0,27.7,-0.5,,0.28750682
1BAN,A,A,91,91,-2.4,A,S,25,6.3,S,,1BAN,2.4,ALA,SER,A,1569557,,25,6.3,,1.2,6.9,-2.4,,1.7866969
1BRK,A,A,96,96,-3.2,A,I,25,6.3,I,,1BRK,3.2,ALA,ILE,A,1569557,,25,6.3,,2,72.6,-3.2,,3.2839
1BSD,A,V,96,96,-3.1,V,I,25,6.3,I,,1BSD,3.1,VAL,ILE,A,1569557,,25,6.3,,0.5,20.4,-3.1,,0.98925817
1E6K,A,A,12,13,2.5,A,D,25,7,D,,1E6K,-2.5,ALA,ASP,A,11023787,,25,7,,0.7,41,2.5,,-2.479779
1E6L,A,A,13,11,2.7,A,D,25,7,D,,1E6L,-2.7,ALA,ASP,A,11023787,,25,7,,18.5,41,2.7,,-2.559782
1E6M,A,A,57,56,3.3,A,D,25,7,D,,1E6M,-3.3,ALA,ASP,A,11023787,,25,7,,7.4,41,3.3,,-3.1389942
2EXZ,A,C,22,22,-0.9,C,T,20,7,T,,2EXZ,0.9,CYS,THR,A,7577991,,20,7,,6.2,26.5,-0.9,,0.9217547
2EY1,A,V,22,22,-0.9,V,T,20,7,T,,2EY1,0.9,VAL,THR,A,7577991,,20,7,,7.2,-11.3,-0.9,,0.84539676
2F0E,A,L,23,23,-0.1,L,V,20,7,V,,2F0E,0.1,LEU,VAL,A,11705391,,20,7,,0.2,-27.7,-0.1,,0.09088266
2F0F,A,I,25,25,-1.7,I,L,20,7,L,,2F0F,1.7,ILE,LEU,A,11705391,,20,7,,0,7.3,-1.7,,1.9020665
1EY5,A,V,33,33,0.4,V,T,20,7,T,,1EY5,-0.4,VAL,THR,A,7577991,,20,7,,26.7,-11.3,0.4,,-0.5353675
2EY2,A,C,41,41,0.6,C,T,20,7,T,,2EY2,-0.6,CYS,THR,A,7577991,,20,7,,7.2,26.5,0.6,,-0.5789851
1EY6,A,I,41,41,0.7,I,T,20,7,T,,1EY6,-0.7,ILE,THR,A,11023780,,20,7,,3.9,-31.6,0.7,,-0.8697586
2EY5,A,S,41,41,-1.1,S,T,20,7,T,,2EY5,1.1,SER,THR,A,7577991,,20,7,,6.5,34,-1.1,,0.7402907
2EY6,A,V,41,41,0.8,V,T,20,7,T,,2EY6,-0.8,VAL,THR,A,7577991,,20,7,,4.1,-11.3,0.8,,-0.880797
2EYF,A,V,44,44,0.1,V,T,20,7,T,,2EYF,-0.1,VAL,THR,A,7577991,,20,7,,26.1,-11.3,0.1,,-0.03661275
1EY4,A,A,59,59,0.5,A,S,20,7,S,,1EY4,-0.5,ALA,SER,A,11023780,,20,7,,17.1,6.9,0.5,,-0.5382005
2EYH,A,S,62,62,-2.1,S,T,20,7,T,,2EYH,2.1,SER,THR,A,7577991,,20,7,,6.9,34,-2.1,,2.164153
2EYJ,A,V,62,62,-0.2,V,T,20,7,T,,2EYJ,0.2,VAL,THR,A,7577991,,20,7,,0,-11.3,-0.2,,0.14548892
2F0G,A,I,66,66,-1,I,V,20,7,V,,2F0G,1,ILE,VAL,A,11705391,,20,7,,3.6,-20.4,-1,,0.7380904
2F0H,A,L,66,66,-0.3,L,V,20,7,V,,2F0H,0.3,LEU,VAL,A,11705391,,20,7,,2.2,-27.7,-0.3,,-0.2805738
2SNM,A,K,66,66,-7.5,K,V,20,7,V,,2SNM,7.5,LYS,VAL,A,1920420,,20,7,,1.5,-27.7,-7.5,,4.5740933
2F0I,A,L,72,72,-0.2,L,I,20,7,I,,2F0I,0.2,LEU,ILE,A,11705391,,20,7,,8,-7.3,-0.2,,0.3390121
2F0J,A,V,72,72,-1.2,V,I,20,7,I,,2F0J,1.2,VAL,ILE,A,11705391,,20,7,,8.1,20.4,-1.2,,1.7262778
2EYL,A,S,82,82,-0.7,S,T,20,7,T,,2EYL,0.7,SER,THR,A,7577991,,20,7,,52.8,34,-0.7,,0.8162049
2F0D,A,V,92,92,-0.4,V,I,20,7,I,,2F0D,0.4,VAL,ILE,A,11705391,,20,7,,0.7,20.4,-0.4,,0.5783981
1KAB,A,G,116,111,1,G,K,20,7,K,,1KAB,-1,GLY,LYS,A,8639591,,20,7,,39.3,102.2,1,,-0.4092849
1SYG,A,A,117,117,0.8,A,P,20,7,P,,1SYG,-0.8,ALA,PRO,A,1610820,,20,7,,46.3,41,0.8,,0.9614987
1SYC,A,G,117,117,0.9,G,P,20,7,P,,1SYC,-0.9,GLY,PRO,A,1610820,,20,7,,38.1,63.2,0.9,,0.6821927
1SYE,A,T,117,117,1.1,T,P,0,7,P,,1SYE,-1.1,THR,PRO,A,8448112,,0,7,,42.8,0,1.1,,0.7553281
2EYM,A,C,120,120,-1.7,C,T,20,7,T,,2EYM,1.7,CYS,THR,A,7577991,,20,7,,36.7,26.5,-1.7,,1.4537009
2EYO,A,S,120,120,-0.6,S,T,20,7,T,,2EYO,0.6,SER,THR,A,7577991,,20,7,,38.6,34,-0.6,,0.5930957
2EYP,A,V,120,120,-1.8,V,T,20,7,T,,2EYP,1.8,VAL,THR,A,7577991,,20,7,,35.4,-11.3,-1.8,,1.5075336
1EY7,A,A,128,128,0.7,A,S,20,7,S,,1EY7,-0.7,ALA,SER,A,11023780,,20,7,,6.4,6.9,0.7,,-0.82288146
1MX2,A,N,71,71,0.7,N,F,23,7.5,F,,1MX2,-0.7,ASN,PHE,A,12370184,,23,7.5,,7.1,67.7,0.7,,-0.19695485
1MX4,A,Q,82,82,-0.4,Q,F,23,7.5,F,,1MX4,0.4,GLN,PHE,A,12370184,,23,7.5,,32,45.8,-0.4,,0.22724918
1MX6,A,N,92,92,-1.1,N,F,23,7.5,F,,1MX6,1.1,ASN,PHE,A,12370184,,23,7.5,,27.1,67.7,-1.1,,0.48904893
1HIB,A,G,9,9,-2.6,G,T,25,6.5,T,,1HIB,2.6,GLY,THR,A,8394358,,25,6.5,,0,63.2,-2.6,,2.7538018
245L,A,A,6,6,-1.9,A,M,44,3,M,,245L,1.9,ALA,MET,A,9514271,,44,3,,0.4,73.8,-1.9,,1.4372714
230L,A,L,6,6,-2.8,L,M,44,3,M,,230L,2.8,LEU,MET,A,9541409,,44,3,,0.7,-6.1,-2.8,,-0.3133183
1QT6,A,H,11,11,0.1,H,E,65,5.4,E,,1QT6,-0.1,HIS,GLU,A,26325080,,65,5.4,,20.7,-5.9,0.1,,-0.32351112
1QT7,A,N,11,11,-0.1,N,E,65,5.4,E,,1QT7,0.1,ASN,GLU,A,26325080,,65,5.4,,21.1,21.9,-0.1,,0.0663465
239L,A,A,17,17,-2.7,A,I,44,3,I,,239L,2.7,ALA,ILE,A,9514271,,44,3,,11.6,72.6,-2.7,,0.065850765
253L,A,A,20,20,-0.3,A,D,65,5.4,D,,253L,0.3,ALA,ASP,A,26325080,,65,5.4,,24.5,41,-0.3,,0.6312867
255L,A,N,20,20,1.3,N,D,65,5.4,D,,255L,-1.3,ASN,ASP,A,26325080,,65,5.4,,30.9,-5,1.3,,0.89598656
254L,A,S,20,20,0.7,S,D,65,5.4,D,,254L,-0.7,SER,ASP,A,26325080,,65,5.4,,24.1,34,0.7,,0.72842246
240L,A,A,27,27,-3.1,A,I,44,3,I,,240L,3.1,ALA,ILE,A,9514271,,44,3,,0,72.6,-3.1,,2.584963
1D2W,A,M,27,27,-3.1,M,I,65,5.4,I,,1D2W,3.1,MET,ILE,A,10545167,,65,5.4,,0,-1.2,-3.1,,1.3590926
241L,A,A,29,29,-2.6,A,I,44,3,I,,241L,2.6,ALA,ILE,A,9514271,,44,3,,2.1,72.6,-2.6,,1.6367134
1L61,A,N,38,38,0,N,S,62,6.7,S,,1L61,0,ASN,SER,A,1911773,,62,6.7,,50.1,-39.1,0,,0.39637768
120L,A,S,41,41,-0.6,S,A,52,3,A,,120L,0.6,SER,ALA,A,8218201,,52,3,,31.4,-6.9,-0.6,,0.12426397
1QTB,A,V,42,42,-2.7,V,A,40,3,A,,1QTB,2.7,VAL,ALA,A,10623513,,40,3,,0,-52.3,-2.7,,-0.7419672
206L,A,S,42,42,-2.3,S,A,52,3,A,,206L,2.3,SER,ALA,A,8218201,,52,3,,0,-6.9,-2.3,,0.5265719
1L66,A,A,43,43,-1,A,K,62,6.7,K,,1L66,1,ALA,LYS,A,1570293,,62,6.7,,21.6,80,-1,,0.0738751
1L68,A,A,44,44,0.3,A,S,62,6.7,S,,1L68,-0.3,ALA,SER,A,1570293,,62,6.7,,46.9,6.9,0.3,,-0.30695426
108L,A,I,44,44,0.3,I,S,52,3,S,,108L,-0.3,ILE,SER,A,8289284,,52,3,,60.5,-65.7,0.3,,-0.8942801
110L,A,L,44,44,0.4,L,S,52,3,S,,110L,-0.4,LEU,SER,A,8289284,,52,3,,55.5,-73,0.4,,-0.17406994
109L,A,K,44,44,0.2,K,S,52,3,S,,109L,-0.2,LYS,SER,A,8289284,,52,3,,55.1,-73,0.2,,-0.09942871
217L,A,E,44,44,0,E,S,52,3,S,,217L,0,GLU,SER,A,8289284,,52,3,,60.5,-60.9,0,,0.4522269
107L,A,G,44,44,-0.5,G,S,52,3,S,,107L,0.5,GLY,SER,A,8289284,,52,3,,43.6,29.2,-0.5,,0.89080894
113L,A,R,44,44,0.2,R,S,52,3,S,,113L,-0.2,ARG,SER,A,8289284,,52,3,,60.4,-74.3,0.2,,0.10162005
111L,A,N,44,44,-0.1,N,S,52,3,S,,111L,0.1,ASN,SER,A,8289284,,52,3,,61.8,-39.1,-0.1,,0.588592
137L,A,F,44,44,0.1,F,S,52,3,S,,137L,-0.1,PHE,SER,A,8289284,,52,3,,56.7,-106.7,0.1,,-0.060533226
112L,A,P,44,44,-3,P,S,52,3,S,,112L,3,PRO,SER,A,8289284,,52,3,,45.3,-34,-3,,0.24878871
114L,A,T,44,44,0,T,S,52,3,S,,114L,0,THR,SER,A,8289284,,52,3,,60.3,-34,0,,-0.011833489
115L,A,V,44,44,0.1,V,S,52,3,S,,115L,-0.1,VAL,SER,A,8289284,,52,3,,57.8,-45.3,0.1,,-0.26626062
1L67,A,A,46,46,-1.9,A,L,62,6.7,L,,1L67,1.9,ALA,LEU,A,1570293,,62,6.7,,1,80,-1.9,,1.4376955
1L65,A,A,47,47,-1,A,D,62,6.7,D,,1L65,1,ALA,ASP,A,1570293,,62,6.7,,19.5,41,-1,,0.04265088
221L,A,S,49,49,-0.5,S,A,52,3,A,,221L,0.5,SER,ALA,A,8218201,,52,3,,38.5,-6.9,-0.5,,0.16025698
242L,A,A,50,50,-2,A,I,44,3,I,,242L,2,ALA,ILE,A,9514271,,44,3,,22.5,72.6,-2,,0.81287163
1D2Y,A,M,50,50,-0.4,M,I,65,5.4,I,,1D2Y,0.4,MET,ILE,A,10545167,,65,5.4,,19.1,-1.2,-0.4,,0.025238544
243L,A,A,58,58,-3.2,A,I,44,3,I,,243L,3.2,ALA,ILE,A,9514271,,44,3,,2.3,72.6,-3.2,,3.01987
1G1V,A,T,58,58,-3.4,T,I,65,5.4,I,,1G1V,3.4,THR,ILE,A,11316887,,65,5.4,,3.5,31.6,-3.4,,3.1615953
1LYJ,A,A,59,59,-1.5,A,T,63,6.5,T,,1LYJ,1.5,ALA,THR,A,1567817,,63,6.5,,32.3,41,-1.5,,1.2560756
1LYI,A,D,59,59,-1.2,D,T,63,6.5,T,,1LYI,1.2,ASP,THR,A,1567817,,63,6.5,,47.7,0,-1.2,,0.98033965
1LYH,A,G,59,59,-1.6,G,T,63,6.5,T,,1LYH,1.6,GLY,THR,A,1567817,,63,6.5,,27.7,63.2,-1.6,,1.1829506
1LYG,A,N,59,59,-1.1,N,T,63,6.5,T,,1LYG,1.1,ASN,THR,A,1567817,,63,6.5,,44.2,-5,-1.1,,1.00983
1LYF,A,S,59,59,-0.2,S,T,63,6.5,T,,1LYF,0.2,SER,THR,A,1567817,,63,6.5,,37.9,34,-0.2,,0.87143314
1LYE,A,V,59,59,-1.5,V,T,63,6.5,T,,1LYE,1.5,VAL,THR,A,1567817,,63,6.5,,48.8,-11.3,-1.5,,0.7570747
1D3J,A,M,66,66,-1,M,L,65,5.4,L,,1D3J,1,MET,LEU,A,10545167,,65,5.4,,4.3,6.1,-1,,0.6063027
246L,A,A,67,67,-1.9,A,F,44,3,F,,246L,1.9,ALA,PHE,A,9514271,,44,3,,6,113.7,-1.9,,3.1182835
1L76,A,P,72,72,-2.7,P,D,63,6.5,D,,1L76,2.7,PRO,ASP,A,1733941,,63,6.5,,30.4,0,-2.7,,0.5058081
122L,A,S,73,73,-0.4,S,A,52,3,A,,122L,0.4,SER,ALA,A,8218201,,52,3,,41.9,-6.9,-0.4,,0.21597168
127L,A,T,75,75,-1.3,T,V,52,3,V,,127L,1.3,THR,VAL,A,8218201,,52,3,,20.1,11.3,-1.3,,0.67741513
1CTW,A,A,78,78,-1.2,A,I,65,5.4,I,,1CTW,1.2,ALA,ILE,A,10545167,,65,5.4,,0,72.6,-1.2,,2.271563
1CU0,A,M,78,78,-1.5,M,I,65,5.4,I,,1CU0,1.5,MET,ILE,A,10545167,,65,5.4,,0,-1.2,-1.5,,0.8091295
1P2R,A,V,78,78,-0.8,V,I,61,5.4,I,,1P2R,0.8,VAL,ILE,A,12963380,,61,5.4,,0,20.4,-0.8,,0.472321
123L,A,S,82,82,-0.3,S,A,52,3,A,,123L,0.3,SER,ALA,A,8218201,,52,3,,75.3,-6.9,-0.3,,0.40947697
247L,A,A,84,84,-2.6,A,L,44,3,L,,247L,2.6,ALA,LEU,A,9514271,,44,3,,5.2,80,-2.6,,1.1859138
1CU2,A,M,84,84,-1.9,M,L,65,5.4,L,,1CU2,1.9,MET,LEU,A,10545167,,65,5.4,,0,6.1,-1.9,,-0.08640826
236L,A,A,87,87,-1.7,A,V,44,3,V,,236L,1.7,ALA,VAL,A,9514271,,44,3,,0.3,52.3,-1.7,,0.36153167
1CU3,A,M,87,87,-2.3,M,V,65,5.4,V,,1CU3,2.3,MET,VAL,A,10545167,,65,5.4,,0,-21.6,-2.3,,0.3853948
1P2L,A,I,87,87,-0.3,I,V,61,5.4,V,,1P2L,0.3,ILE,VAL,A,12963380,,61,5.4,,3.3,-20.4,-0.3,,0.25042194
128L,A,T,87,87,-1.6,T,V,52,3,V,,128L,1.6,THR,VAL,A,8218201,,52,3,,0,11.3,-1.6,,0.25890505
1CU6,A,A,91,91,-3.9,A,L,44,3,L,,1CU6,3.9,ALA,LEU,A,9514271,,44,3,,11.3,80,-3.9,,3.234111
1CU5,A,M,91,91,-0.8,M,L,59,5.4,L,,1CU5,0.8,MET,LEU,A,8901549,,59,5.4,,3.2,6.1,-0.8,,0.35938707
1L55,A,N,92,92,-1.4,N,D,62,6.7,D,,1L55,1.4,ASN,ASP,A,1911773,,62,6.7,,43.2,-5,-1.4,,-0.3815077
224L,A,S,93,93,-0.2,S,A,52,3,A,,224L,0.2,SER,ALA,A,8218201,,52,3,,76.6,-6.9,-0.2,,0.07410267
1QSB,A,C,98,98,-1,C,A,40,3,A,,1QSB,1,CYS,ALA,A,10623513,,40,3,,0,-14.5,-1,,2.0991297
1QS5,A,L,98,98,-4.3,L,A,40,3,A,,1QS5,4.3,LEU,ALA,A,10623513,,40,3,,0,-80,-4.3,,1.6926713
125L,A,S,98,98,-2.5,S,A,52,3,A,,125L,2.5,SER,ALA,A,8218201,,52,3,,0,-6.9,-2.5,,1.7226661
1QS9,A,V,98,98,-3.2,V,A,40,3,A,,1QS9,3.2,VAL,ALA,A,10623513,,40,3,,0,-52.3,-3.2,,2.7249007
1L90,A,A,99,99,-4.5,A,L,65,5.7,L,,1L90,4.5,ALA,LEU,A,8433369,,65,5.7,,15.1,80,-4.5,,2.7885077
1L91,A,F,99,99,-0.3,F,L,65,5.7,L,,1L91,0.3,PHE,LEU,A,8433369,,65,5.7,,0,-33.7,-0.3,,1.9942794
1L92,A,I,99,99,-1.5,I,L,65,5.7,L,,1L92,1.5,ILE,LEU,A,8433369,,65,5.7,,1.1,7.3,-1.5,,1.2922
1L93,A,M,99,99,-0.6,M,L,65,5.7,L,,1L93,0.6,MET,LEU,A,8433369,,65,5.7,,0.6,6.1,-0.6,,1.0255375
1L94,A,V,99,99,-2,V,L,65,5.7,L,,1L94,2,VAL,LEU,A,8433369,,65,5.7,,2.4,27.7,-2,,2.2395911
244L,A,A,100,100,-3.4,A,I,44,3,I,,244L,3.4,ALA,ILE,A,9514271,,44,3,,2.6,72.6,-3.4,,2.2317474
1CUP,A,M,100,100,-1.6,M,I,65,5.4,I,,1CUP,1.6,MET,ILE,A,10545167,,65,5.4,,7,-1.2,-1.6,,1.2930708
1P36,A,V,100,100,-0.4,V,I,61,5.4,I,,1P36,0.4,VAL,ILE,A,12963380,,61,5.4,,2.3,20.4,-0.4,,0.23082882
1I6S,A,A,101,101,-1.5,A,N,59,5.4,N,,1I6S,1.5,ALA,ASN,A,11316887,,59,5.4,,1.3,46,-1.5,,-0.25636554
1L77,A,L,102,102,-1,L,M,61,5.4,M,,1L77,1,LEU,MET,A,12963380,,61,5.4,,0.8,-6.1,-1,,0.7858527
238L,A,A,103,103,-2.2,A,V,44,3,V,,238L,2.2,ALA,VAL,A,9514271,,44,3,,5.8,52.3,-2.2,,0.9745027
1P7S,A,I,103,103,-0.5,I,V,61,5.4,V,,1P7S,0.5,ILE,VAL,A,12963380,,61,5.4,,8.7,-20.4,-0.5,,0.26842988
1CUQ,A,M,103,103,-1.2,M,V,65,5.4,V,,1CUQ,1.2,MET,VAL,A,10545167,,65,5.4,,5.2,-21.6,-1.2,,1.2464072
1CV0,A,M,104,104,-0.4,M,F,65,5.4,F,,1CV0,0.4,MET,PHE,A,10545167,,65,5.4,,17,39.8,-0.4,,2.167402
1G1W,A,M,105,105,-1.2,M,Q,59,5.4,Q,,1G1W,1.2,MET,GLN,A,11316887,,59,5.4,,30.4,-5.9,-1.2,,0.5739875
1P46,A,I,106,106,0.2,I,M,61,5.4,M,,1P46,-0.2,ILE,MET,A,12963380,,61,5.4,,28.2,1.2,0.2,,0.30225325
234L,A,L,106,106,0.5,L,M,47,3,M,,234L,-0.5,LEU,MET,A,9541409,,47,3,,29.4,-6.1,0.5,,-0.2380284
231L,A,K,106,106,-3.4,K,M,47,3,M,,231L,3.4,LYS,MET,A,9541409,,47,3,,28.4,-6.1,-3.4,,2.4378033
1L62,A,D,109,109,0.6,D,T,62,6.7,T,,1L62,-0.6,ASP,THR,A,1911773,,62,6.7,,89.7,0,0.6,,0.70582014
1L59,A,N,109,109,0.1,N,T,62,6.7,T,,1L59,-0.1,ASN,THR,A,1911773,,62,6.7,,80.8,-5,0.1,,0.44629413
235L,A,A,111,111,-1.3,A,V,44,3,V,,235L,1.3,ALA,VAL,A,9514271,,44,3,,0.9,52.3,-1.3,,1.1947179
2L78,A,I,111,111,-0.9,I,V,61,5.4,V,,2L78,0.9,ILE,VAL,A,12963380,,61,5.4,,1.1,-20.4,-0.9,,-0.2179805
1CV1,A,M,111,111,-0.7,M,V,65,5.4,V,,1CV1,0.7,MET,VAL,A,10545167,,65,5.4,,1.4,-21.6,-0.7,,0.21275106
1TLA,A,F,117,117,1.1,F,S,65,5.4,S,,1TLA,-1.1,PHE,SER,A,8401213,,65,5.4,,0.2,-106.7,1.1,,-1.6474936
1CVK,A,A,118,118,-3.2,A,L,65,5.4,L,,1CVK,3.2,ALA,LEU,A,10545167,,65,5.4,,19,80,-3.2,,2.9903865
1CV4,A,M,118,118,-0.7,M,L,65,5.4,L,,1CV4,0.7,MET,LEU,A,10545167,,65,5.4,,5.2,6.1,-0.7,,0.9230305
233L,A,L,120,120,0.5,L,M,47,3,M,,233L,-0.5,LEU,MET,A,9541409,,47,3,,9.2,-6.1,0.5,,0.18162021
232L,A,K,120,120,-1.6,K,M,47,3,M,,232L,1.6,LYS,MET,A,9541409,,47,3,,23.4,-6.1,-1.6,,0.60593283
1P6Y,A,Y,120,120,-0.1,Y,M,61,5.4,M,,1P6Y,0.1,TYR,MET,A,12963380,,61,5.4,,20,-47.2,-0.1,,-0.001484156
1CV3,A,M,121,121,-0.8,M,L,65,5.4,L,,1CV3,0.8,MET,LEU,A,10545167,,65,5.4,,1.6,6.1,-0.8,,0.8228787
1QTC,A,F,129,129,-1.2,F,A,40,3,A,,1QTC,1.2,PHE,ALA,A,10623513,,40,3,,1.5,-113.7,-1.2,,1.4203638
1QTD,A,W,129,129,-2.2,W,A,40,3,A,,1QTD,2.2,TRP,ALA,A,10623513,,40,3,,0.1,-144.5,-2.2,,1.1281555
118L,A,S,130,130,1,S,A,52,3,A,,118L,-1,SER,ALA,A,8218201,,52,3,,7.2,-6.9,1,,1.1323341
1P64,A,F,133,133,-0.3,F,L,61,5.4,L,,1P64,0.3,PHE,LEU,A,12963380,,61,5.4,,0,-33.7,-0.3,,0.32859486
1CV5,A,M,133,133,-0.4,M,L,59,5.4,L,,1CV5,0.4,MET,LEU,A,8901549,,59,5.4,,1,6.1,-0.4,,-0.17561895
119L,A,S,134,134,-0.1,S,A,52,3,A,,119L,0.1,SER,ALA,A,8218201,,52,3,,28,-6.9,-0.1,,0.46996105
1L39,A,E,144,144,0.5,E,N,65,6.5,N,,1L39,-0.5,GLU,ASN,A,1854726,,65,6.5,,64.9,-21.9,0.5,,0.029932171
237L,A,A,149,149,-3.2,A,V,44,3,V,,237L,3.2,ALA,VAL,A,9514271,,44,3,,0,52.3,-3.2,,2.2429178
1G07,A,C,149,149,-2,C,V,59,5.4,V,,1G07,2,CYS,VAL,A,11316887,,59,5.4,,0,37.8,-2,,1.880583
1G0P,A,G,149,149,-4.9,G,V,59,5.4,V,,1G0P,4.9,GLY,VAL,A,11316887,,59,5.4,,9.4,74.5,-4.9,,1.5623307
1G0Q,A,I,149,149,-0.1,I,V,59,5.4,V,,1G0Q,0.1,ILE,VAL,A,11316887,,59,5.4,,0,-20.4,-0.1,,0.006302506
1CV6,A,M,149,149,-2.8,M,V,65,5.4,V,,1CV6,2.8,MET,VAL,A,10545167,,65,5.4,,0,-21.6,-2.8,,0.45571378
126L,A,T,149,149,-2.8,T,V,52,3,V,,126L,2.8,THR,VAL,A,8218201,,52,3,,0,11.3,-2.8,,1.2213488
1G06,A,S,149,149,-4.4,S,V,59,5.4,V,,1G06,4.4,SER,VAL,A,11316887,,59,5.4,,0,45.3,-4.4,,2.599515
1G0G,A,A,152,152,-1.5,A,T,59,5.4,T,,1G0G,1.5,ALA,THR,A,11316887,,59,5.4,,1.1,41,-1.5,,0.6376997
1G0K,A,C,152,152,-0.5,C,T,59,5.4,T,,1G0K,0.5,CYS,THR,A,11316887,,59,5.4,,0,26.5,-0.5,,0.49694178
1G0M,A,I,152,152,-0.4,I,T,59,5.4,T,,1G0M,0.4,ILE,THR,A,11316887,,59,5.4,,0,-31.6,-0.4,,-2.1128922
1G0J,A,S,152,152,-2,S,T,59,5.4,T,,1G0J,2,SER,THR,A,11316887,,59,5.4,,0,34,-2,,1.9010184
1G0L,A,V,152,152,0.2,V,T,59,5.4,T,,1G0L,-0.2,VAL,THR,A,11316887,,59,5.4,,0,-11.3,0.2,,-1.0630618
1L85,A,A,153,153,-3.8,A,F,65,5.7,F,,1L85,3.8,ALA,PHE,A,8433369,,65,5.7,,5.6,113.7,-3.8,,2.8970258
1L86,A,I,153,153,-0.2,I,F,65,5.7,F,,1L86,0.2,ILE,PHE,A,8433369,,65,5.7,,0.2,41.1,-0.2,,-0.20185584
1L87,A,L,153,153,0.3,L,F,65,5.7,F,,1L87,-0.3,LEU,PHE,A,8433369,,65,5.7,,1.5,33.7,0.3,,-0.14935666
1L88,A,M,153,153,-0.6,M,F,65,5.7,F,,1L88,0.6,MET,PHE,A,8433369,,65,5.7,,1.5,39.8,-0.6,,-0.095553815
1L95,A,V,153,153,-1.8,V,F,65,5.7,F,,1L95,1.8,VAL,PHE,A,8433369,,65,5.7,,1.5,61.4,-1.8,,0.9210336
1OUG,A,A,2,2,-1.5,A,V,65,2.7,V,,1OUG,1.5,ALA,VAL,A,11087397,,65,2.7,,64.7,52.3,-1.5,,1.3807105
1GAY,A,G,2,2,-1.3,G,V,65,2.7,V,,1GAY,1.3,GLY,VAL,A,11087397,,65,2.7,,68,74.5,-1.3,,2.2321315
1GF8,A,S,2,2,-1.4,S,V,65,2.7,V,,1GF8,1.4,SER,VAL,A,11927576,,65,2.7,,62,45.3,-1.4,,1.5398208
1GF9,A,Y,2,2,-0.4,Y,V,65,2.7,V,,1GF9,0.4,TYR,VAL,A,11927576,,65,2.7,,66.3,-68.8,-0.4,,0.4871231
1GFA,A,D,2,2,-1.4,D,V,65,2.7,V,,1GFA,1.4,ASP,VAL,A,11927576,,65,2.7,,69.6,11.3,-1.4,,1.3783851
1GFE,A,N,2,2,-1.3,N,V,65,2.7,V,,1GFE,1.3,ASN,VAL,A,11927576,,65,2.7,,61.9,6.3,-1.3,,1.3202249
1GFG,A,R,2,2,-0.4,R,V,65,2.7,V,,1GFG,0.4,ARG,VAL,A,11927576,,65,2.7,,75.8,-29,-0.4,,0.46008992
1GB0,A,L,2,2,0.3,L,V,65,2.7,V,,1GB0,-0.3,LEU,VAL,A,11087397,,65,2.7,,56.3,-27.7,0.3,,0.094082445
1GB2,A,M,2,2,-0.2,M,V,65,2.7,V,,1GB2,0.2,MET,VAL,A,11087397,,65,2.7,,71.8,-21.6,-0.2,,0.32293254
1GB3,A,F,2,2,-0.8,F,V,65,2.7,V,,1GB3,0.8,PHE,VAL,A,11087397,,65,2.7,,62.4,-61.4,-0.8,,0.741185
1WQN,A,F,20,20,-0.5,F,Y,65,2.7,Y,,1WQN,0.5,PHE,TYR,A,9649316,,65,2.7,,20.1,7.4,-0.5,,0.4575743
2HEB,A,A,23,23,-2.5,A,I,65,2.7,I,,2HEB,2.5,ALA,ILE,A,9398521,,65,2.7,,8.9,72.6,-2.5,,2.3733182
1YAN,A,V,23,23,-0.4,V,I,65,2.7,I,,1YAN,0.4,VAL,ILE,A,7473760,,65,2.7,,7,20.4,-0.4,,0.36757585
1WQO,A,F,38,38,-0.2,F,Y,65,2.7,Y,,1WQO,0.2,PHE,TYR,A,9649316,,65,2.7,,10.3,7.4,-0.2,,0.1376842
1WQP,A,F,45,45,0.1,F,Y,65,2.7,Y,,1WQP,-0.1,PHE,TYR,A,9649316,,65,2.7,,51.3,7.4,0.1,,0.03140533
1LHL,A,P,47,47,0.1,P,A,69,2.8,A,,1LHL,-0.1,PRO,ALA,A,1643041,,69,2.8,,68.9,-41,0.1,,0.08690217
1WQQ,A,F,54,54,-1,F,Y,65,2.7,Y,,1WQQ,1,PHE,TYR,A,9649316,,65,2.7,,9.4,7.4,-1,,0.86197424
2HEC,A,A,56,56,-3.7,A,I,65,2.7,I,,2HEC,3.7,ALA,ILE,A,9398521,,65,2.7,,5.2,72.6,-3.7,,3.7465522
1OUA,A,T,56,56,-4.3,T,I,65,2.7,I,,1OUA,4.3,THR,ILE,A,9010773,,65,2.7,,0.5,31.6,-4.3,,4.247042
1YAO,A,V,56,56,-1.2,V,I,65,2.7,I,,1YAO,1.2,VAL,ILE,A,7473760,,65,2.7,,1.4,20.4,-1.2,,1.2545998
2HED,A,A,59,59,-1.7,A,I,65,2.7,I,,2HED,1.7,ALA,ILE,A,9398521,,65,2.7,,7.6,72.6,-1.7,,1.8656285
2HEE,A,G,59,59,-3.8,G,I,65,2.7,I,,2HEE,3.8,GLY,ILE,A,9398521,,65,2.7,,12.2,94.9,-3.8,,3.6900015
1YAP,A,V,59,59,-1.1,V,I,65,2.7,I,,1YAP,1.1,VAL,ILE,A,7473760,,65,2.7,,4.1,20.4,-1.1,,1.1784607
1WQR,A,F,63,63,-0.2,F,Y,65,2.7,Y,,1WQR,0.2,PHE,TYR,A,9649316,,65,2.7,,46.2,7.4,-0.2,,0.268651
1LHI,A,G,71,71,-1.6,G,P,69,2.8,P,,1LHI,1.6,GLY,PRO,A,1643041,,69,2.8,,61,63.2,-1.6,,0.16599104
1OUH,A,A,74,74,-0.4,A,V,65,2.7,V,,1OUH,0.4,ALA,VAL,A,11087397,,65,2.7,,47.4,52.3,-0.4,,0.336968
1GB5,A,G,74,74,-0.1,G,V,65,2.7,V,,1GB5,0.1,GLY,VAL,A,11087397,,65,2.7,,38.5,74.5,-0.1,,0.2087797
1GB6,A,I,74,74,-1.9,I,V,65,2.7,V,,1GB6,1.9,ILE,VAL,A,11087397,,65,2.7,,58.9,-20.4,-1.9,,-0.38762695
1GB7,A,L,74,74,-0.4,L,V,65,2.7,V,,1GB7,0.4,LEU,VAL,A,11087397,,65,2.7,,57.5,-27.7,-0.4,,-0.20118016
1GB8,A,M,74,74,-0.4,M,V,65,2.7,V,,1GB8,0.4,MET,VAL,A,11087397,,65,2.7,,64.5,-21.6,-0.4,,-0.43058437
1GB9,A,F,74,74,0,F,V,65,2.7,V,,1GB9,0,PHE,VAL,A,11087397,,65,2.7,,61.7,-61.4,0,,0.28344825
1GFH,A,Y,74,74,-0.3,Y,V,65,2.7,V,,1GFH,0.3,TYR,VAL,A,11927576,,65,2.7,,68.2,-68.8,-0.3,,0.17621678
1GFJ,A,D,74,74,-0.4,D,V,65,2.7,V,,1GFJ,0.4,ASP,VAL,A,11927576,,65,2.7,,69.1,11.3,-0.4,,0.43360075
1GFK,A,N,74,74,-0.3,N,V,65,2.7,V,,1GFK,0.3,ASN,VAL,A,11927576,,65,2.7,,65.4,6.3,-0.3,,0.38489068
1GFR,A,R,74,74,-0.1,R,V,65,2.7,V,,1GFR,0.1,ARG,VAL,A,11927576,,65,2.7,,81.3,-29,-0.1,,0.07963714
1B7S,A,S,74,74,-0.4,S,V,65,2.7,V,,1B7S,0.4,SER,VAL,A,11927576,,65,2.7,,62,45.3,-0.4,,0.3488058
1HNL,A,A,77,77,-4.6,A,C,57,4.5,C,,1HNL,4.6,ALA,CYS,A,1525170,,57,4.5,,28.2,14.5,-4.6,,4.4506187
2HEF,A,A,89,89,-2.7,A,I,65,2.7,I,,2HEF,2.7,ALA,ILE,A,9398521,,65,2.7,,6.8,72.6,-2.7,,2.6971438
1YAQ,A,V,89,89,-0.5,V,I,65,2.7,I,,1YAQ,0.5,VAL,ILE,A,7473760,,65,2.7,,3.4,20.4,-0.5,,0.54294926
1LHK,A,P,91,91,-0.4,P,D,69,2.8,D,,1LHK,0.4,PRO,ASP,A,1643041,,69,2.8,,22.1,0,-0.4,,0.4084801
1OUI,A,A,93,93,-0.7,A,V,65,2.7,V,,1OUI,0.7,ALA,VAL,A,9020766,,65,2.7,,2,52.3,-0.7,,0.84052515
1OUJ,A,A,99,99,-1,A,V,65,2.7,V,,1OUJ,1,ALA,VAL,A,9020766,,65,2.7,,3.3,52.3,-1,,0.95902395
1OUB,A,A,100,100,-0.3,A,V,65,2.7,V,,1OUB,0.3,ALA,VAL,A,9020766,,65,2.7,,2.7,52.3,-0.3,,0.30419037
1LHJ,A,G,103,103,-0.1,G,P,69,2.8,P,,1LHJ,0.1,GLY,PRO,A,1643041,,69,2.8,,100,63.2,-0.1,,0.048122704
2HEA,A,A,106,106,-0.9,A,I,65,2.7,I,,2HEA,0.9,ALA,ILE,A,9398521,,65,2.7,,6.8,72.6,-0.9,,1.0163064
1YAM,A,V,106,106,-0.7,V,I,65,2.7,I,,1YAM,0.7,VAL,ILE,A,7473760,,65,2.7,,7.4,20.4,-0.7,,0.66117144
1OUC,A,A,110,110,0.5,A,V,65,2.7,V,,1OUC,-0.5,ALA,VAL,A,11087397,,65,2.7,,44.5,52.3,0.5,,-0.3705684
1GFU,A,D,110,110,0.2,D,V,65,2.7,V,,1GFU,-0.2,ASP,VAL,A,11927576,,65,2.7,,55.8,11.3,0.2,,-0.19225055
1GBO,A,G,110,110,-2.2,G,V,65,2.7,V,,1GBO,2.2,GLY,VAL,A,11087397,,65,2.7,,43.5,74.5,-2.2,,-0.41713297
1GBW,A,I,110,110,-0.8,I,V,65,2.7,V,,1GBW,0.8,ILE,VAL,A,11087397,,65,2.7,,53.3,-20.4,-0.8,,-0.65922
1GBX,A,L,110,110,0.1,L,V,65,2.7,V,,1GBX,-0.1,LEU,VAL,A,11087397,,65,2.7,,58.6,-27.7,0.1,,-0.111014605
1GBY,A,M,110,110,0.4,M,V,65,2.7,V,,1GBY,-0.4,MET,VAL,A,11087397,,65,2.7,,60.3,-21.6,0.4,,-0.50582445
1GFV,A,N,110,110,0.1,N,V,65,2.7,V,,1GFV,-0.1,ASN,VAL,A,11927576,,65,2.7,,59.8,6.3,0.1,,-0.17212403
1INU,A,R,110,110,0.9,R,V,65,2.7,V,,1INU,-0.9,ARG,VAL,A,11927576,,65,2.7,,78.2,-29,0.9,,-0.8408623
1GBZ,A,F,110,110,-1.9,F,V,65,2.7,V,,1GBZ,1.9,PHE,VAL,A,11087397,,65,2.7,,65.6,-61.4,-1.9,,0.10152897
1LHH,A,P,110,110,0.5,P,V,69,2.8,V,,1LHH,-0.5,PRO,VAL,A,1643041,,69,2.8,,50.6,11.3,0.5,,-0.03011167
1GFT,A,Y,110,110,-0.1,Y,V,65,2.7,V,,1GFT,0.1,TYR,VAL,A,11927576,,65,2.7,,72.6,-68.8,-0.1,,0.009687036
1OUD,A,A,121,121,-1.4,A,V,65,2.7,V,,1OUD,1.4,ALA,VAL,A,9020766,,65,2.7,,8.4,52.3,-1.4,,1.3276517
1WQM,A,F,124,124,-0.4,F,Y,65,2.7,Y,,1WQM,0.4,PHE,TYR,A,9649316,,65,2.7,,6.8,7.4,-0.4,,0.37034038
1OUE,A,A,125,125,-1.3,A,V,65,2.7,V,,1OUE,1.3,ALA,VAL,A,9020766,,65,2.7,,8.1,52.3,-1.3,,1.2740545
1OUF,A,A,130,130,-0.8,A,V,65,2.7,V,,1OUF,0.8,ALA,VAL,A,9020766,,65,2.7,,53.9,52.3,-0.8,,0.74673146
1DMQ,A,F,32,32,0.2,F,Y,25,7,Y,,1DMQ,-0.2,PHE,TYR,A,10769113,,25,7,,0,7.4,0.2,,-0.16831124
1DMM,A,F,57,57,-1.2,F,Y,25,7,Y,,1DMM,1.2,PHE,TYR,A,10769113,,25,7,,4.7,7.4,-1.2,,1.1725832
1RGC,C,K,25,25,1.4,K,Q,25,7,Q,,1RGC,-1.4,LYS,GLN,C,2663837,,25,7,,47.5,-12.1,1.4,,0.40267807
1VQG,A,L,47,47,-0.4,L,I,25,7.1,I,,1VQG,0.4,LEU,ILE,A,2000379,,25,7.1,,1.5,-7.3,-0.4,,0.9835936
1VQH,A,M,47,47,-1.7,M,I,25,7.1,I,,1VQH,1.7,MET,ILE,A,2000379,,25,7.1,,1.6,-1.2,-1.7,,1.0447719
1VQI,A,V,47,47,-2,V,I,25,7.1,I,,1VQI,2,VAL,ILE,A,2000379,,25,7.1,,2.5,20.4,-2,,0.27090135
1VQJ,A,I,35,35,-0.6,I,V,25,7.1,V,,1VQJ,0.6,ILE,VAL,A,2000379,,25,7.1,,7.1,-20.4,-0.6,,0.37200633
1YHB,A,F,41,41,-3.2,F,Y,25,7.1,Y,,1YHB,3.2,PHE,TYR,A,8378307,,25,7.1,,77.7,7.4,-3.2,,-0.747275
149L,A,L,3,3,0.7,L,I,70,5.4,I,,149L,-0.7,LEU,ILE,A,8771182,,70,5.4,,14.1,-7.3,0.7,,0.07852033
172L,A,C,3,3,0,C,I,65,6.5,I,,172L,0,CYS,ILE,A,3405287,,65,6.5,,13.4,58.1,0,,2.3506234
1L96,A,P,3,3,-3,P,I,39,2,I,,1L96,3,PRO,ILE,A,1420185,,39,2,,20,31.6,-3,,2.4199367
1L18,A,Y,3,3,-2.3,Y,I,65,6.5,I,,1L18,2.3,TYR,ILE,A,3405287,,65,6.5,,31.4,-48.4,-2.3,,0.62095237
1L17,A,V,3,3,-0.4,V,I,65,6.5,I,,1L17,0.4,VAL,ILE,A,3405287,,65,6.5,,11.4,20.4,-0.4,,2.5154812
150L,A,I,6,6,-1.4,I,M,65,6.5,M,,150L,1.4,ILE,MET,A,1854726,,65,6.5,,1.5,1.2,-1.4,,-0.097153485
1L42,A,E,16,16,0.5,E,K,67,5.3,K,,1L42,-0.5,GLU,LYS,A,1942034,,67,5.3,,69.2,12.1,0.5,,0.13000292
1L19,A,D,38,38,0.6,D,S,70,5.4,S,,1L19,-0.6,ASP,SER,A,8771182,,70,5.4,,48.9,-34,0.6,,0.34244868
1L21,A,G,55,55,-0.6,G,N,42,6.5,N,,1L21,0.6,GLY,ASN,A,2511328,,42,6.5,,51.1,68.2,-0.6,,0.09006068
1L56,A,P,60,60,0,P,K,65,6.5,K,,1L56,0,PRO,LYS,A,1457724,,65,6.5,,44.3,39,0,,0.20302814
1L23,A,A,77,77,0.4,A,G,65,6.5,G,,1L23,-0.4,ALA,GLY,A,3477797,,65,6.5,,8.7,-22.2,0.4,,0.4888243
1L24,A,P,82,82,0.8,P,A,65,6.5,A,,1L24,-0.8,PRO,ALA,A,3477797,,65,6.5,,71.9,-41,0.8,,-0.6460601
3C81,A,A,85,85,-0.6,A,K,58,5.4,K,,3C81,0.6,ALA,LYS,A,19384988,,58,5.4,,13.6,80,-0.6,,-0.2664532
3C83,A,A,89,89,-0.5,A,D,58,5.4,D,,3C83,0.5,ALA,ASP,A,19384988,,58,5.4,,42.7,41,-0.5,,1.1802266
3C7Y,A,A,96,96,-2,A,R,58,5.4,R,,3C7Y,2,ALA,ARG,A,19384988,,58,5.4,,5.7,81.2,-2,,1.7224026
3C8Q,A,D,96,96,-3.5,D,R,58,5.4,R,,3C8Q,3.5,ASP,ARG,A,19384988,,58,5.4,,12.9,40.2,-3.5,,0.6079086
3CDV,A,M,96,96,-2.7,M,R,58,5.4,R,,3CDV,2.7,MET,ARG,A,19384988,,58,5.4,,21.1,7.4,-2.7,,0.97502184
3C8S,A,E,96,96,-2.5,E,R,58,5.4,R,,3C8S,2.5,GLU,ARG,A,19384988,,58,5.4,,22.9,13.3,-2.5,,2.531718
3C8R,A,G,96,96,-2.6,G,R,58,5.4,R,,3C8R,2.6,GLY,ARG,A,19384988,,58,5.4,,1.8,103.4,-2.6,,0.07010633
3CDR,A,Q,96,96,-0.3,Q,R,58,5.4,R,,3CDR,0.3,GLN,ARG,A,19384988,,58,5.4,,21.1,13.3,-0.3,,2.6129432
3F8V,A,H,96,96,-3.1,H,R,58,5.4,R,,3F8V,3.1,HIS,ARG,A,19384988,,58,5.4,,19.2,7.4,-3.1,,1.3570759
3CDT,A,N,96,96,-3,N,R,58,5.4,R,,3CDT,3,ASN,ARG,A,19384988,,58,5.4,,7.4,35.2,-3,,0.37290922
3C7W,A,K,96,96,0,K,R,58,5.4,R,,3C7W,0,LYS,ARG,A,19384988,,58,5.4,,21.7,1.3,0,,1.1503879
3CDQ,A,S,96,96,-2.6,S,R,58,5.4,R,,3CDQ,2.6,SER,ARG,A,19384988,,58,5.4,,8.4,74.3,-2.6,,-0.7560756
3C80,A,Y,96,96,-4.7,Y,R,58,5.4,R,,3C80,4.7,TYR,ARG,A,19384988,,58,5.4,,27.7,-39.8,-4.7,,0.96127915
3CDO,A,V,96,96,-2.4,V,R,58,5.4,R,,3CDO,2.4,VAL,ARG,A,19384988,,58,5.4,,12.6,29,-2.4,,-0.015495122
3FI5,A,W,96,96,-4.5,W,R,58,5.4,R,,3FI5,4.5,TRP,ARG,A,19384988,,58,5.4,,23.1,-63.3,-4.5,,4.484198
1L48,A,V,98,98,-4.9,V,A,40,3,A,,1L48,4.9,VAL,ALA,A,1920439,,40,3,,0,-52.3,-4.9,,0.79619944
1L00,A,A,105,105,-0.6,A,Q,66,5.8,Q,,1L00,0.6,ALA,GLN,A,8460110,,66,5.8,,35.9,67.9,-0.6,,0.871513
1L98,A,E,105,105,-1.1,E,Q,66,5.8,Q,,1L98,1.1,GLU,GLN,A,8460110,,66,5.8,,35.3,0,-1.1,,2.146778
1L99,A,G,105,105,-1.5,G,Q,66,5.8,Q,,1L99,1.5,GLY,GLN,A,8460110,,66,5.8,,53.2,90.1,-1.5,,-0.14467955
1L60,A,A,113,113,0.3,A,G,65,6.5,G,,1L60,-0.3,ALA,GLY,A,1457724,,65,6.5,,70.8,-22.2,0.3,,0.06309748
1L37,A,E,115,115,0.3,E,T,65,6.5,T,,1L37,-0.3,GLU,THR,A,1854726,,65,6.5,,62.3,-26.9,0.3,,-0.31277925
1L57,A,D,116,116,0.6,D,N,66,5.7,N,,1L57,-0.6,ASP,ASN,A,1911773,,66,5.7,,52.8,5,0.6,,-0.067605674
1L44,A,E,119,119,0,E,R,67,5.3,R,,1L44,0,GLU,ARG,A,1942034,,67,5.3,,57,13.3,0,,-0.21546006
1L38,A,E,123,123,0.4,E,Q,65,6.5,Q,,1L38,-0.4,GLU,GLN,A,1854726,,65,6.5,,49.5,0,0.4,,-0.027736127
1L22,A,G,124,124,-0.1,G,K,42,6.5,K,,1L22,0.1,GLY,LYS,A,2511328,,42,6.5,,35.7,102.2,-0.1,,-0.3651501
1L33,A,A,131,131,0.3,A,V,41,2,V,,1L33,-0.3,ALA,VAL,A,1304917,,41,2,,45.5,52.3,0.3,,-0.097831845
1DYA,A,D,131,131,0.1,D,V,53,3,V,,1DYA,-0.1,ASP,VAL,A,8289284,,53,3,,58,11.3,0.1,,0.634962
1DYB,A,G,131,131,-0.7,G,V,53,3,V,,1DYB,0.7,GLY,VAL,A,8289284,,53,3,,43.5,74.5,-0.7,,-0.08832097
1DYC,A,I,131,131,0.2,I,V,53,3,V,,1DYC,-0.2,ILE,VAL,A,8289284,,53,3,,60.2,-20.4,0.2,,-0.0839892
1DYD,A,L,131,131,0.1,L,V,53,3,V,,1DYD,-0.1,LEU,VAL,A,8289284,,53,3,,62.1,-27.7,0.1,,0.0707767
1DYE,A,S,131,131,-0.1,S,V,53,3,V,,1DYE,0.1,SER,VAL,A,8289284,,53,3,,60.6,45.3,-0.1,,-0.118247926
1DYF,A,M,131,131,0.1,M,V,53,3,V,,1DYF,-0.1,MET,VAL,A,8289284,,53,3,,64.4,-21.6,0.1,,-0.12806141
1DYG,A,E,131,131,0.2,E,V,53,3,V,,1DYG,-0.2,GLU,VAL,A,8289284,,53,3,,63.9,-15.6,0.2,,4.0249844
1L69,A,A,133,133,-4.2,A,L,41,2,L,,1L69,4.2,ALA,LEU,A,1304917,,41,2,,5.8,80,-4.2,,0.62403834
1L45,A,E,135,135,-1,E,K,67,5.3,K,,1L45,1,GLU,LYS,A,1942034,,67,5.3,,83.2,12.1,-1,,-0.35617512
1L20,A,D,144,144,0.4,D,N,70,5.4,N,,1L20,-0.4,ASP,ASN,A,8771182,,70,5.4,,74.8,5,0.4,,0.42729628
1L46,A,E,147,147,-0.7,E,K,67,5.3,K,,1L46,0.7,GLU,LYS,A,1942034,,67,5.3,,41.4,12.1,-0.7,,2.187162
1L53,A,C,149,149,-2.2,C,V,40,3,V,,1L53,2.2,CYS,VAL,A,1920439,,40,3,,0,37.8,-2.2,,2.4839115
1L52,A,S,152,152,-2.6,S,T,40,3,T,,1L52,2.6,SER,THR,A,1920439,,40,3,,0,34,-2.6,,0.65942836
1L47,A,E,154,154,-1.1,E,R,67,5.3,R,,1L47,1.1,GLU,ARG,A,1942034,,67,5.3,,45.4,13.3,-1.1,,2.7165935
1L16,A,D,156,156,-2.3,D,G,65,6.5,G,,1L16,2.3,ASP,GLY,A,3680274,,65,6.5,,37.6,-63.2,-2.3,,0.9562938
1L02,A,A,157,157,-0.5,A,T,54,3,T,,1L02,0.5,ALA,THR,A,1993203,,54,3,,26.2,41,-0.5,,1.3134558
1L03,A,C,157,157,-1.3,C,T,42,2,T,,1L03,1.3,CYS,THR,A,24591301,,42,2,,42.1,26.5,-1.3,,1.9026171
1L04,A,D,157,157,-1.1,D,T,42,2,T,,1L04,1.1,ASP,THR,A,24591301,,42,2,,48.8,0,-1.1,,1.0904968
1L06,A,E,157,157,-0.8,E,T,54,3,T,,1L06,0.8,GLU,THR,A,1993203,,54,3,,58.4,-26.9,-0.8,,3.3284726
1L07,A,F,157,157,-2.4,F,T,42,2,T,,1L07,2.4,PHE,THR,A,24591301,,42,2,,59.7,-72.7,-2.4,,1.1583251
1L08,A,G,157,157,-1.1,G,T,42,2,T,,1L08,1.1,GLY,THR,A,24591301,,42,2,,27.3,63.2,-1.1,,2.0590746
1L09,A,H,157,157,-2.1,H,T,42,2,T,,1L09,2.1,HIS,THR,A,24591301,,42,2,,56.2,-32.8,-2.1,,1.7250681
1L10,A,I,157,157,-1.5,I,T,54,3,T,,1L10,1.5,ILE,THR,A,1993203,,54,3,,42.3,-31.6,-1.5,,1.606996
1L11,A,L,157,157,-1.7,L,T,54,3,T,,1L11,1.7,LEU,THR,A,1993203,,54,3,,46.9,-39,-1.7,,1.1160787
1L12,A,N,157,157,-1.2,N,T,54,3,T,,1L12,1.2,ASN,THR,A,1993203,,54,3,,36.2,-5,-1.2,,0.649389
1L13,A,R,157,157,0.3,R,T,54,3,T,,1L13,-0.3,ARG,THR,A,1993203,,54,3,,49.4,-40.2,0.3,,0.6543118
1L14,A,S,157,157,-0.7,S,T,42,2,T,,1L14,0.7,SER,THR,A,24591301,,42,2,,23.4,34,-0.7,,1.3357406
1L15,A,V,157,157,-1.2,V,T,54,3,T,,1L15,1.2,VAL,THR,A,1993203,,54,3,,36.5,-11.3,-1.2,,-1.1445082
1RDA,A,N,10,10,0.9,N,D,50,6,D,,1RDA,-0.9,ASN,ASP,A,8955106,,50,6,,7.1,-5,0.9,,-0.12302816
1RDB,A,Q,48,48,0.2,Q,E,50,6,E,,1RDB,-0.2,GLN,GLU,A,8955106,,50,6,,8.6,0,0.2,,0.5974771
3AA5,A,F,52,52,-0.5,F,A,53,3.2,A,,3AA5,0.5,PHE,ALA,A,9228039,,53,3.2,,0.7,-113.7,-0.5,,-1.9303231
3AA2,A,I,52,52,1.9,I,A,53,3.2,A,,3AA2,-1.9,ILE,ALA,A,9228039,,53,3.2,,0,-72.6,1.9,,-1.3446213
3AA3,A,L,52,52,1.3,L,A,53,3.2,A,,3AA3,-1.3,LEU,ALA,A,9228039,,53,3.2,,0,-80,1.3,,-1.5346394
3AA4,A,V,52,52,1.7,V,A,53,3.2,A,,3AA4,-1.7,VAL,ALA,A,9228039,,53,3.2,,0,-52.3,1.7,,-0.40759075
1RBS,A,A,62,62,0.4,A,H,25,5.5,H,,1RBS,-0.4,ALA,HIS,A,1645658,,25,5.5,,53.2,73.8,0.4,,-0.1671133
1RBR,A,P,62,62,1.1,P,H,25,5.5,H,,1RBR,-1.1,PRO,HIS,A,1328237,,25,5.5,,55.7,32.8,1.1,,-0.7079723
1RDC,A,N,70,70,0.9,N,D,50,6,D,,1RDC,-0.9,ASN,ASP,A,8955106,,50,6,,27.4,-5,0.9,,-0.7642225
1LAV,A,L,74,74,1,L,V,53,5.5,V,,1LAV,-1,LEU,VAL,A,3191114,,53,5.5,,0,-27.7,1,,-0.6120535
1LAW,A,I,74,74,0.6,I,V,53,5.5,V,,1LAW,-0.6,ILE,VAL,A,3191114,,53,5.5,,0,-20.4,0.6,,0.77596444
1GOB,A,A,77,77,-0.9,A,G,50,3,G,,1GOB,0.9,ALA,GLY,A,8393706,,50,3,,0,-22.2,-0.9,,-0.13703328
1RBV,A,A,95,95,0.1,A,K,52,5.5,K,,1RBV,-0.1,ALA,LYS,A,1331044,,52,5.5,,58.2,80,0.1,,-1.6695855
1RBT,A,G,95,95,1.9,G,K,52,5.5,K,,1RBT,-1.9,GLY,LYS,A,1331044,,52,5.5,,50.6,102.2,1.9,,-0.78242695
1RBU,A,N,95,95,0.9,N,K,52,5.5,K,,1RBU,-0.9,ASN,LYS,A,1331044,,52,5.5,,68.6,34,0.9,,-1.3984003
1KVA,A,A,134,134,2.1,A,D,50,5.5,D,,1KVA,-2.1,ALA,ASP,A,8125123,,50,5.5,,22.3,41,2.1,,-1.273691
1KVB,A,H,134,134,2.3,H,D,50,5.5,D,,1KVB,-2.3,HIS,ASP,A,8125123,,50,5.5,,22.8,-32.8,2.3,,-0.8707628
1KVC,A,N,134,134,1,N,D,50,5.5,D,,1KVC,-1,ASN,ASP,A,8125123,,50,5.5,,15.6,-5,1,,-0.1581189
1IOS,A,F,12,12,0.5,F,M,35,5.5,M,,1IOS,-0.5,PHE,MET,A,11266617,,35,5.5,,0,-39.8,0.5,,0.50159913
1IOT,A,L,12,12,-0.4,L,M,35,5.5,M,,1IOT,0.4,LEU,MET,A,11266617,,35,5.5,,3.7,-6.1,-0.4,,0.32539582
1HER,A,S,40,40,-0.3,S,T,74,6.4,T,,1HER,0.3,SER,THR,A,8535241,,74,6.4,,1.8,34,-0.3,,1.9161218
1FN5,A,A,49,49,-0.7,A,G,25,2.7,G,,1FN5,0.7,ALA,GLY,A,11112507,,25,2.7,,28.4,-22.2,-0.7,,1.0269415
1HEO,A,V,55,55,-0.9,V,I,74,6.4,I,,1HEO,0.9,VAL,ILE,A,8535241,,74,6.4,,1.3,20.4,-0.9,,1.1605877
1IR8,A,M,58,58,-1.2,M,I,35,5.5,I,,1IR8,1.2,MET,ILE,A,11477222,,35,5.5,,1.4,-1.2,-1.2,,1.2355888
1FLU,A,A,67,67,-0.5,A,G,25,2.7,G,,1FLU,0.5,ALA,GLY,A,11112507,,25,2.7,,73.5,-22.2,-0.5,,0.4552079
1FLW,A,A,71,71,-2.1,A,G,25,2.7,G,,1FLW,2.1,ALA,GLY,A,11112507,,25,2.7,,73.8,-22.2,-2.1,,0.87293506
1IR7,A,M,78,78,-0.9,M,I,35,5.5,I,,1IR7,0.9,MET,ILE,A,11477222,,35,5.5,,17.7,-1.2,-0.9,,0.091408044
1LSN,A,A,91,91,-0.2,A,S,74,6.4,S,,1LSN,0.2,ALA,SER,A,8535241,,74,6.4,,6,6.9,-0.2,,-0.8868195
1HEM,A,T,91,91,1,T,S,74,6.4,S,,1HEM,-1,THR,SER,A,8535241,,74,6.4,,3.5,-34,1,,0.9155244
1IR9,A,M,98,98,-0.9,M,I,35,5.5,I,,1IR9,0.9,MET,ILE,A,11477222,,35,5.5,,5,-1.2,-0.9,,0.058069795
1FLY,A,A,102,102,-1.2,A,G,25,2.7,G,,1FLY,1.2,ALA,GLY,A,11112507,,25,2.7,,78.7,-22.2,-1.2,,1.5772269
1FLQ,A,A,117,117,-0.8,A,G,25,2.7,G,,1FLQ,0.8,ALA,GLY,A,11112507,,25,2.7,,93.1,-22.2,-0.8,,1.160316
1BTI,A,A,22,22,-1.2,A,F,25,2,F,,1BTI,1.2,ALA,PHE,A,7686069,,25,2,,3.8,113.7,-1.2,,2.849515
1BPT,A,A,23,23,-5.9,A,Y,25,2,Y,,1BPT,5.9,ALA,TYR,A,7686069,,25,2,,3.4,121,-5.9,,4.8681417
8PTI,A,G,35,35,-5,G,Y,25,2,Y,,8PTI,5,GLY,TYR,A,7686069,,25,2,,17.3,143.3,-5,,2.3510685
1NAG,A,G,43,43,-5.7,G,N,25,2,N,,1NAG,5.7,GLY,ASN,A,7686069,,25,2,,15.9,68.2,-5.7,,2.53031
1FAN,A,A,45,45,-6.9,A,F,25,2,F,,1FAN,6.9,ALA,PHE,A,7686069,,25,2,,16.3,113.7,-6.9,,