PDB,Chain,Wild,Position,Position,G (kcal/mol) positive is stable,Wild,Mutant,Condition T,Condition pH,Mutant,Uniprot ID,PDB,G (kcal/mol) positive is stable,Wild Type,Mutant,Chain,PubMed,,Condition T,Condition pH,,SolventAcc,Volume Change,__Gexp,,3 Letter,1 Letter
1AMQ,A,C,191,180,-2.3,C,Y,25,7.5,Y,,1AMQ,-2.3,CYS,TYR,A,10708649,,25,7.5,,4.4,106.6,-2.3,,ALA,A
1AMQ,A,C,191,180,-1.6,C,F,25,7.5,F,,1AMQ,-1.6,CYS,PHE,A,10708649,,25,7.5,,4.4,99.2,-1.6,,CYS,C
1AMQ,A,C,191,180,-3.9,C,W,25,7.5,W,,1AMQ,-3.9,CYS,TRP,A,10708649,,25,7.5,,4.4,130,-3.9,,ASP,D
1AMQ,A,C,191,180,-1.9,C,S,25,7.5,S,,1AMQ,-1.9,CYS,SER,A,10708649,,25,7.5,,4.4,-7.5,-1.9,,GLU,E
1BNI,A,F,7,7,-4.1,F,L,25,6.2,L,,1BNI,-4.1,PHE,LEU,A,3386721,,25,6.2,,11.6,-33.7,-4.1,,PHE,F
1BNI,A,L,14,14,-4.5,L,A,25,6.3,A,,1BNI,-4.5,LEU,ALA,A,1569557,,25,6.3,,0,-80,-4.5,,GLY,G
1BNI,A,T,26,26,-1.7,T,A,25,6.3,A,,1BNI,-1.7,THR,ALA,A,1569557,,25,6.3,,21.1,-41,-1.7,,HIS,H
1BNI,A,I,51,51,-1.1,I,V,25,6.3,V,,1BNI,-1.1,ILE,VAL,A,1569557,,25,6.3,,0,-20.4,-1.1,,ILE,I
1BNI,A,I,76,76,-1.7,I,A,25,6.3,A,,1BNI,-1.7,ILE,ALA,A,1569557,,25,6.3,,0,-72.6,-1.7,,LYS,K
1BNI,A,I,76,76,-1,I,V,25,6.3,V,,1BNI,-1,ILE,VAL,A,1569557,,25,6.3,,0,-20.4,-1,,LEU,L
1BNI,A,Y,78,78,-1.1,Y,F,25,6.3,F,,1BNI,-1.1,TYR,PHE,A,1569557,,25,6.3,,3.5,-7.4,-1.1,,MET,M
1BNI,A,I,88,88,-4,I,A,25,6.3,A,,1BNI,-4,ILE,ALA,A,1569557,,25,6.3,,0,-72.6,-4,,ASN,N
1BNI,A,I,88,88,-1.6,I,V,25,6.3,V,,1BNI,-1.6,ILE,VAL,A,1569557,,25,6.3,,0,-20.4,-1.6,,PRO,P
1BNI,A,L,89,89,-0.5,L,V,25,6.3,V,,1BNI,-0.5,LEU,VAL,A,1569557,,25,6.3,,0,-27.7,-0.5,,GLN,Q
1BNI,A,S,91,91,-2.4,S,A,25,6.3,A,,1BNI,-2.4,SER,ALA,A,1569557,,25,6.3,,1.6,-6.9,-2.4,,ARG,R
1BNI,A,I,96,96,-3.2,I,A,25,6.3,A,,1BNI,-3.2,ILE,ALA,A,1569557,,25,6.3,,0,-72.6,-3.2,,SER,S
1BNI,A,I,96,96,-3.1,I,V,25,6.3,V,,1BNI,-3.1,ILE,VAL,A,1569557,,25,6.3,,0,-20.4,-3.1,,THR,T
1CEY,A,D,12,11,2.5,D,A,25,7,A,,1CEY,2.5,ASP,ALA,A,11023787,,25,7,,6.5,-41,2.5,,VAL,V
1CEY,A,D,13,12,2.7,D,A,25,7,A,,1CEY,2.7,ASP,ALA,A,11023787,,25,7,,37.2,-41,2.7,,TRP,W
1CEY,A,D,57,56,3.3,D,A,25,7,A,,1CEY,3.3,ASP,ALA,A,11023787,,25,7,,8.3,-41,3.3,,TYR,Y
1EY0,A,T,22,22,-0.9,T,C,20,7,C,,1EY0,-0.9,THR,CYS,A,7577991,,20,7,,6.4,-26.5,-0.9,,,
1EY0,A,T,22,22,-0.9,T,V,20,7,V,,1EY0,-0.9,THR,VAL,A,7577991,,20,7,,6.4,11.3,-0.9,,,
1EY0,A,V,23,23,-0.1,V,L,20,7,L,,1EY0,-0.1,VAL,LEU,A,11705391,,20,7,,0.7,27.7,-0.1,,,
1EY0,A,L,25,25,-1.7,L,I,20,7,I,,1EY0,-1.7,LEU,ILE,A,11705391,,20,7,,0.2,-7.3,-1.7,,,
1EY0,A,T,33,33,0.4,T,V,20,7,V,,1EY0,0.4,THR,VAL,A,7577991,,20,7,,24.2,11.3,0.4,,,
1EY0,A,T,41,41,0.6,T,C,20,7,C,,1EY0,0.6,THR,CYS,A,7577991,,20,7,,4.8,-26.5,0.6,,,
1EY0,A,T,41,41,0.7,T,I,20,7,I,,1EY0,0.7,THR,ILE,A,11023780,,20,7,,4.8,31.6,0.7,,,
1EY0,A,T,41,41,-1.1,T,S,20,7,S,,1EY0,-1.1,THR,SER,A,7577991,,20,7,,4.8,-34,-1.1,,,
1EY0,A,T,41,41,0.8,T,V,20,7,V,,1EY0,0.8,THR,VAL,A,7577991,,20,7,,4.8,11.3,0.8,,,
1EY0,A,T,44,44,0.1,T,V,20,7,V,,1EY0,0.1,THR,VAL,A,7577991,,20,7,,24.9,11.3,0.1,,,
1EY0,A,S,59,59,0.5,S,A,20,7,A,,1EY0,0.5,SER,ALA,A,11023780,,20,7,,19,-6.9,0.5,,,
1EY0,A,T,62,62,-2.1,T,S,20,7,S,,1EY0,-2.1,THR,SER,A,7577991,,20,7,,0.5,-34,-2.1,,,
1EY0,A,T,62,62,-0.2,T,V,20,7,V,,1EY0,-0.2,THR,VAL,A,7577991,,20,7,,0.5,11.3,-0.2,,,
1EY0,A,V,66,66,-1,V,I,20,7,I,,1EY0,-1,VAL,ILE,A,11705391,,20,7,,2.2,20.4,-1,,,
1EY0,A,V,66,66,-0.3,V,L,20,7,L,,1EY0,-0.3,VAL,LEU,A,11705391,,20,7,,2.2,27.7,-0.3,,,
1EY0,A,V,66,66,-7.5,V,K,20,7,K,,1EY0,-7.5,VAL,LYS,A,1920420,,20,7,,2.2,27.7,-7.5,,,
1EY0,A,I,72,72,-0.2,I,L,20,7,L,,1EY0,-0.2,ILE,LEU,A,11705391,,20,7,,7.7,7.3,-0.2,,,
1EY0,A,I,72,72,-1.2,I,V,20,7,V,,1EY0,-1.2,ILE,VAL,A,11705391,,20,7,,7.7,-20.4,-1.2,,,
1EY0,A,T,82,82,-0.7,T,S,20,7,S,,1EY0,-0.7,THR,SER,A,7577991,,20,7,,52.6,-34,-0.7,,,
1EY0,A,I,92,92,-0.4,I,V,20,7,V,,1EY0,-0.4,ILE,VAL,A,11705391,,20,7,,0.5,-20.4,-0.4,,,
1EY0,A,K,116,116,1,K,G,20,7,G,,1EY0,1,LYS,GLY,A,8639591,,20,7,,73,-102.2,1,,,
1EY0,A,P,117,117,0.8,P,A,20,7,A,,1EY0,0.8,PRO,ALA,A,1610820,,20,7,,39.8,-41,0.8,,,
1EY0,A,P,117,117,0.9,P,G,20,7,G,,1EY0,0.9,PRO,GLY,A,1610820,,20,7,,39.8,-63.2,0.9,,,
1EY0,A,P,117,117,1.1,P,T,0,7,T,,1EY0,1.1,PRO,THR,A,8448112,,0,7,,39.8,0,1.1,,,
1EY0,A,T,120,120,-1.7,T,C,20,7,C,,1EY0,-1.7,THR,CYS,A,7577991,,20,7,,38.8,-26.5,-1.7,,,
1EY0,A,T,120,120,-0.6,T,S,20,7,S,,1EY0,-0.6,THR,SER,A,7577991,,20,7,,38.8,-34,-0.6,,,
1EY0,A,T,120,120,-1.8,T,V,20,7,V,,1EY0,-1.8,THR,VAL,A,7577991,,20,7,,38.8,11.3,-1.8,,,
1EY0,A,S,128,128,0.7,S,A,20,7,A,,1EY0,0.7,SER,ALA,A,11023780,,20,7,,7.6,-6.9,0.7,,,
1IHB,A,F,71,71,0.7,F,N,23,7.5,N,,1IHB,0.7,PHE,ASN,A,12370184,,23,7.5,,17,-67.7,0.7,,,
1IHB,A,F,82,82,-0.4,F,Q,23,7.5,Q,,1IHB,-0.4,PHE,GLN,A,12370184,,23,7.5,,35,-45.8,-0.4,,,
1IHB,A,F,92,92,-1.1,F,N,23,7.5,N,,1IHB,-1.1,PHE,ASN,A,12370184,,23,7.5,,25.5,-67.7,-1.1,,,
1IOB,A,T,9,9,-2.6,T,G,25,6.5,G,,1IOB,-2.6,THR,GLY,A,8394358,,25,6.5,,3.8,-63.2,-2.6,,,
1L63,A,M,6,6,-1.9,M,A,44,3,A,,1L63,-1.9,MET,ALA,A,9514271,,44,3,,0,-73.8,-1.9,,,
1L63,A,M,6,6,-2.8,M,L,44,3,L,,1L63,-2.8,MET,LEU,A,9541409,,44,3,,0,6.1,-2.8,,,
1L63,A,E,11,11,0.1,E,H,65,5.4,H,,1L63,0.1,GLU,HIS,A,26325080,,65,5.4,,23.4,5.9,0.1,,,
1L63,A,E,11,11,-0.1,E,N,65,5.4,N,,1L63,-0.1,GLU,ASN,A,26325080,,65,5.4,,23.4,-21.9,-0.1,,,
1L63,A,I,17,17,-2.7,I,A,44,3,A,,1L63,-2.7,ILE,ALA,A,9514271,,44,3,,9.7,-72.6,-2.7,,,
1L63,A,D,20,20,-0.3,D,A,65,5.4,A,,1L63,-0.3,ASP,ALA,A,26325080,,65,5.4,,31.5,-41,-0.3,,,
1L63,A,D,20,20,1.3,D,N,65,5.4,N,,1L63,1.3,ASP,ASN,A,26325080,,65,5.4,,31.5,5,1.3,,,
1L63,A,D,20,20,0.7,D,S,65,5.4,S,,1L63,0.7,ASP,SER,A,26325080,,65,5.4,,31.5,-34,0.7,,,
1L63,A,I,27,27,-3.1,I,A,44,3,A,,1L63,-3.1,ILE,ALA,A,9514271,,44,3,,0,-72.6,-3.1,,,
1L63,A,I,27,27,-3.1,I,M,65,5.4,M,,1L63,-3.1,ILE,MET,A,10545167,,65,5.4,,0,1.2,-3.1,,,
1L63,A,I,29,29,-2.6,I,A,44,3,A,,1L63,-2.6,ILE,ALA,A,9514271,,44,3,,2.5,-72.6,-2.6,,,
1L63,A,S,38,38,0,S,N,62,6.7,N,,1L63,0,SER,ASN,A,1911773,,62,6.7,,38.9,39.1,0,,,
1L63,A,A,41,41,-0.6,A,S,52,3,S,,1L63,-0.6,ALA,SER,A,8218201,,52,3,,31.9,6.9,-0.6,,,
1L63,A,A,42,42,-2.7,A,V,40,3,V,,1L63,-2.7,ALA,VAL,A,10623513,,40,3,,0,52.3,-2.7,,,
1L63,A,A,42,42,-2.3,A,S,52,3,S,,1L63,-2.3,ALA,SER,A,8218201,,52,3,,0,6.9,-2.3,,,
1L63,A,K,43,43,-1,K,A,62,6.7,A,,1L63,-1,LYS,ALA,A,1570293,,62,6.7,,19.7,-80,-1,,,
1L63,A,S,44,44,0.3,S,A,62,6.7,A,,1L63,0.3,SER,ALA,A,1570293,,62,6.7,,57.6,-6.9,0.3,,,
1L63,A,S,44,44,0.3,S,I,52,3,I,,1L63,0.3,SER,ILE,A,8289284,,52,3,,57.6,65.7,0.3,,,
1L63,A,S,44,44,0.4,S,L,52,3,L,,1L63,0.4,SER,LEU,A,8289284,,52,3,,57.6,73,0.4,,,
1L63,A,S,44,44,0.2,S,K,52,3,K,,1L63,0.2,SER,LYS,A,8289284,,52,3,,57.6,73,0.2,,,
1L63,A,S,44,44,0,S,E,52,3,E,,1L63,0,SER,GLU,A,8289284,,52,3,,57.6,60.9,0,,,
1L63,A,S,44,44,-0.5,S,G,52,3,G,,1L63,-0.5,SER,GLY,A,8289284,,52,3,,57.6,-29.2,-0.5,,,
1L63,A,S,44,44,0.2,S,R,52,3,R,,1L63,0.2,SER,ARG,A,8289284,,52,3,,57.6,74.3,0.2,,,
1L63,A,S,44,44,-0.1,S,N,52,3,N,,1L63,-0.1,SER,ASN,A,8289284,,52,3,,57.6,39.1,-0.1,,,
1L63,A,S,44,44,0.1,S,F,52,3,F,,1L63,0.1,SER,PHE,A,8289284,,52,3,,57.6,106.7,0.1,,,
1L63,A,S,44,44,-3,S,P,52,3,P,,1L63,-3,SER,PRO,A,8289284,,52,3,,57.6,34,-3,,,
1L63,A,S,44,44,0,S,T,52,3,T,,1L63,0,SER,THR,A,8289284,,52,3,,57.6,34,0,,,
1L63,A,S,44,44,0.1,S,V,52,3,V,,1L63,0.1,SER,VAL,A,8289284,,52,3,,57.6,45.3,0.1,,,
1L63,A,L,46,46,-1.9,L,A,62,6.7,A,,1L63,-1.9,LEU,ALA,A,1570293,,62,6.7,,0,-80,-1.9,,,
1L63,A,D,47,47,-1,D,A,62,6.7,A,,1L63,-1,ASP,ALA,A,1570293,,62,6.7,,21.5,-41,-1,,,
1L63,A,A,49,49,-0.5,A,S,52,3,S,,1L63,-0.5,ALA,SER,A,8218201,,52,3,,37.2,6.9,-0.5,,,
1L63,A,I,50,50,-2,I,A,44,3,A,,1L63,-2,ILE,ALA,A,9514271,,44,3,,19.9,-72.6,-2,,,
1L63,A,I,50,50,-0.4,I,M,65,5.4,M,,1L63,-0.4,ILE,MET,A,10545167,,65,5.4,,19.9,1.2,-0.4,,,
1L63,A,I,58,58,-3.2,I,A,44,3,A,,1L63,-3.2,ILE,ALA,A,9514271,,44,3,,2.3,-72.6,-3.2,,,
1L63,A,I,58,58,-3.4,I,T,65,5.4,T,,1L63,-3.4,ILE,THR,A,11316887,,65,5.4,,2.3,-31.6,-3.4,,,
1L63,A,T,59,59,-1.5,T,A,63,6.5,A,,1L63,-1.5,THR,ALA,A,1567817,,63,6.5,,44,-41,-1.5,,,
1L63,A,T,59,59,-1.2,T,D,63,6.5,D,,1L63,-1.2,THR,ASP,A,1567817,,63,6.5,,44,0,-1.2,,,
1L63,A,T,59,59,-1.6,T,G,63,6.5,G,,1L63,-1.6,THR,GLY,A,1567817,,63,6.5,,44,-63.2,-1.6,,,
1L63,A,T,59,59,-1.1,T,N,63,6.5,N,,1L63,-1.1,THR,ASN,A,1567817,,63,6.5,,44,5,-1.1,,,
1L63,A,T,59,59,-0.2,T,S,63,6.5,S,,1L63,-0.2,THR,SER,A,1567817,,63,6.5,,44,-34,-0.2,,,
1L63,A,T,59,59,-1.5,T,V,63,6.5,V,,1L63,-1.5,THR,VAL,A,1567817,,63,6.5,,44,11.3,-1.5,,,
1L63,A,L,66,66,-1,L,M,65,5.4,M,,1L63,-1,LEU,MET,A,10545167,,65,5.4,,2,-6.1,-1,,,
1L63,A,F,67,67,-1.9,F,A,44,3,A,,1L63,-1.9,PHE,ALA,A,9514271,,44,3,,5.5,-113.7,-1.9,,,
1L63,A,D,72,72,-2.7,D,P,63,6.5,P,,1L63,-2.7,ASP,PRO,A,1733941,,63,6.5,,56.8,0,-2.7,,,
1L63,A,A,73,73,-0.4,A,S,52,3,S,,1L63,-0.4,ALA,SER,A,8218201,,52,3,,36.8,6.9,-0.4,,,
1L63,A,V,75,75,-1.3,V,T,52,3,T,,1L63,-1.3,VAL,THR,A,8218201,,52,3,,21.1,-11.3,-1.3,,,
1L63,A,I,78,78,-1.2,I,A,65,5.4,A,,1L63,-1.2,ILE,ALA,A,10545167,,65,5.4,,0,-72.6,-1.2,,,
1L63,A,I,78,78,-1.5,I,M,65,5.4,M,,1L63,-1.5,ILE,MET,A,10545167,,65,5.4,,0,1.2,-1.5,,,
1L63,A,I,78,78,-0.8,I,V,61,5.4,V,,1L63,-0.8,ILE,VAL,A,12963380,,61,5.4,,0,-20.4,-0.8,,,
1L63,A,A,82,82,-0.3,A,S,52,3,S,,1L63,-0.3,ALA,SER,A,8218201,,52,3,,74.6,6.9,-0.3,,,
1L63,A,L,84,84,-2.6,L,A,44,3,A,,1L63,-2.6,LEU,ALA,A,9514271,,44,3,,0,-80,-2.6,,,
1L63,A,L,84,84,-1.9,L,M,65,5.4,M,,1L63,-1.9,LEU,MET,A,10545167,,65,5.4,,0,-6.1,-1.9,,,
1L63,A,V,87,87,-1.7,V,A,44,3,A,,1L63,-1.7,VAL,ALA,A,9514271,,44,3,,1.5,-52.3,-1.7,,,
1L63,A,V,87,87,-2.3,V,M,65,5.4,M,,1L63,-2.3,VAL,MET,A,10545167,,65,5.4,,1.5,21.6,-2.3,,,
1L63,A,V,87,87,-0.3,V,I,61,5.4,I,,1L63,-0.3,VAL,ILE,A,12963380,,61,5.4,,1.5,20.4,-0.3,,,
1L63,A,V,87,87,-1.6,V,T,52,3,T,,1L63,-1.6,VAL,THR,A,8218201,,52,3,,1.5,-11.3,-1.6,,,
1L63,A,L,91,91,-3.9,L,A,44,3,A,,1L63,-3.9,LEU,ALA,A,9514271,,44,3,,3,-80,-3.9,,,
1L63,A,L,91,91,-0.8,L,M,59,5.4,M,,1L63,-0.8,LEU,MET,A,8901549,,59,5.4,,3,-6.1,-0.8,,,
1L63,A,D,92,92,-1.4,D,N,62,6.7,N,,1L63,-1.4,ASP,ASN,A,1911773,,62,6.7,,36.1,5,-1.4,,,
1L63,A,A,93,93,-0.2,A,S,52,3,S,,1L63,-0.2,ALA,SER,A,8218201,,52,3,,70.1,6.9,-0.2,,,
1L63,A,A,98,98,-1,A,C,40,3,C,,1L63,-1,ALA,CYS,A,10623513,,40,3,,0,14.5,-1,,,
1L63,A,A,98,98,-4.3,A,L,40,3,L,,1L63,-4.3,ALA,LEU,A,10623513,,40,3,,0,80,-4.3,,,
1L63,A,A,98,98,-2.5,A,S,52,3,S,,1L63,-2.5,ALA,SER,A,8218201,,52,3,,0,6.9,-2.5,,,
1L63,A,A,98,98,-3.2,A,V,40,3,V,,1L63,-3.2,ALA,VAL,A,10623513,,40,3,,0,52.3,-3.2,,,
1L63,A,L,99,99,-4.5,L,A,65,5.7,A,,1L63,-4.5,LEU,ALA,A,8433369,,65,5.7,,0.2,-80,-4.5,,,
1L63,A,L,99,99,-0.3,L,F,65,5.7,F,,1L63,-0.3,LEU,PHE,A,8433369,,65,5.7,,0.2,33.7,-0.3,,,
1L63,A,L,99,99,-1.5,L,I,65,5.7,I,,1L63,-1.5,LEU,ILE,A,8433369,,65,5.7,,0.2,-7.3,-1.5,,,
1L63,A,L,99,99,-0.6,L,M,65,5.7,M,,1L63,-0.6,LEU,MET,A,8433369,,65,5.7,,0.2,-6.1,-0.6,,,
1L63,A,L,99,99,-2,L,V,65,5.7,V,,1L63,-2,LEU,VAL,A,8433369,,65,5.7,,0.2,-27.7,-2,,,
1L63,A,I,100,100,-3.4,I,A,44,3,A,,1L63,-3.4,ILE,ALA,A,9514271,,44,3,,4.7,-72.6,-3.4,,,
1L63,A,I,100,100,-1.6,I,M,65,5.4,M,,1L63,-1.6,ILE,MET,A,10545167,,65,5.4,,4.7,1.2,-1.6,,,
1L63,A,I,100,100,-0.4,I,V,61,5.4,V,,1L63,-0.4,ILE,VAL,A,12963380,,61,5.4,,4.7,-20.4,-0.4,,,
1L63,A,N,101,101,-1.5,N,A,59,5.4,A,,1L63,-1.5,ASN,ALA,A,11316887,,59,5.4,,0,-46,-1.5,,,
1L63,A,M,102,102,-1,M,L,61,5.4,L,,1L63,-1,MET,LEU,A,12963380,,61,5.4,,1.6,6.1,-1,,,
1L63,A,V,103,103,-2.2,V,A,44,3,A,,1L63,-2.2,VAL,ALA,A,9514271,,44,3,,5.7,-52.3,-2.2,,,
1L63,A,V,103,103,-0.5,V,I,61,5.4,I,,1L63,-0.5,VAL,ILE,A,12963380,,61,5.4,,5.7,20.4,-0.5,,,
1L63,A,V,103,103,-1.2,V,M,65,5.4,M,,1L63,-1.2,VAL,MET,A,10545167,,65,5.4,,5.7,21.6,-1.2,,,
1L63,A,F,104,104,-0.4,F,M,65,5.4,M,,1L63,-0.4,PHE,MET,A,10545167,,65,5.4,,14,-39.8,-0.4,,,
1L63,A,Q,105,105,-1.2,Q,M,59,5.4,M,,1L63,-1.2,GLN,MET,A,11316887,,59,5.4,,30,5.9,-1.2,,,
1L63,A,M,106,106,0.2,M,I,61,5.4,I,,1L63,0.2,MET,ILE,A,12963380,,61,5.4,,26.3,-1.2,0.2,,,
1L63,A,M,106,106,0.5,M,L,47,3,L,,1L63,0.5,MET,LEU,A,9541409,,47,3,,26.3,6.1,0.5,,,
1L63,A,M,106,106,-3.4,M,K,47,3,K,,1L63,-3.4,MET,LYS,A,9541409,,47,3,,26.3,6.1,-3.4,,,
1L63,A,T,109,109,0.6,T,D,62,6.7,D,,1L63,0.6,THR,ASP,A,1911773,,62,6.7,,79.4,0,0.6,,,
1L63,A,T,109,109,0.1,T,N,62,6.7,N,,1L63,0.1,THR,ASN,A,1911773,,62,6.7,,79.4,5,0.1,,,
1L63,A,V,111,111,-1.3,V,A,44,3,A,,1L63,-1.3,VAL,ALA,A,9514271,,44,3,,0.2,-52.3,-1.3,,,
1L63,A,V,111,111,-0.9,V,I,61,5.4,I,,1L63,-0.9,VAL,ILE,A,12963380,,61,5.4,,0.2,20.4,-0.9,,,
1L63,A,V,111,111,-0.7,V,M,65,5.4,M,,1L63,-0.7,VAL,MET,A,10545167,,65,5.4,,0.2,21.6,-0.7,,,
1L63,A,S,117,117,1.1,S,F,65,5.4,F,,1L63,1.1,SER,PHE,A,8401213,,65,5.4,,0.6,106.7,1.1,,,
1L63,A,L,118,118,-3.2,L,A,65,5.4,A,,1L63,-3.2,LEU,ALA,A,10545167,,65,5.4,,6.9,-80,-3.2,,,
1L63,A,L,118,118,-0.7,L,M,65,5.4,M,,1L63,-0.7,LEU,MET,A,10545167,,65,5.4,,6.9,-6.1,-0.7,,,
1L63,A,M,120,120,0.5,M,L,47,3,L,,1L63,0.5,MET,LEU,A,9541409,,47,3,,12.5,6.1,0.5,,,
1L63,A,M,120,120,-1.6,M,K,47,3,K,,1L63,-1.6,MET,LYS,A,9541409,,47,3,,12.5,6.1,-1.6,,,
1L63,A,M,120,120,-0.1,M,Y,61,5.4,Y,,1L63,-0.1,MET,TYR,A,12963380,,61,5.4,,12.5,47.2,-0.1,,,
1L63,A,L,121,121,-0.8,L,M,65,5.4,M,,1L63,-0.8,LEU,MET,A,10545167,,65,5.4,,0.8,-6.1,-0.8,,,
1L63,A,A,129,129,-1.2,A,F,40,3,F,,1L63,-1.2,ALA,PHE,A,10623513,,40,3,,0.6,113.7,-1.2,,,
1L63,A,A,129,129,-2.2,A,W,40,3,W,,1L63,-2.2,ALA,TRP,A,10623513,,40,3,,0.6,144.5,-2.2,,,
1L63,A,A,130,130,1,A,S,52,3,S,,1L63,1,ALA,SER,A,8218201,,52,3,,9.5,6.9,1,,,
1L63,A,L,133,133,-0.3,L,F,61,5.4,F,,1L63,-0.3,LEU,PHE,A,12963380,,61,5.4,,0.9,33.7,-0.3,,,
1L63,A,L,133,133,-0.4,L,M,59,5.4,M,,1L63,-0.4,LEU,MET,A,8901549,,59,5.4,,0.9,-6.1,-0.4,,,
1L63,A,A,134,134,-0.1,A,S,52,3,S,,1L63,-0.1,ALA,SER,A,8218201,,52,3,,22.7,6.9,-0.1,,,
1L63,A,N,144,144,0.5,N,E,65,6.5,E,,1L63,0.5,ASN,GLU,A,1854726,,65,6.5,,67.2,21.9,0.5,,,
1L63,A,V,149,149,-3.2,V,A,44,3,A,,1L63,-3.2,VAL,ALA,A,9514271,,44,3,,0,-52.3,-3.2,,,
1L63,A,V,149,149,-2,V,C,59,5.4,C,,1L63,-2,VAL,CYS,A,11316887,,59,5.4,,0,-37.8,-2,,,
1L63,A,V,149,149,-4.9,V,G,59,5.4,G,,1L63,-4.9,VAL,GLY,A,11316887,,59,5.4,,0,-74.5,-4.9,,,
1L63,A,V,149,149,-0.1,V,I,59,5.4,I,,1L63,-0.1,VAL,ILE,A,11316887,,59,5.4,,0,20.4,-0.1,,,
1L63,A,V,149,149,-2.8,V,M,65,5.4,M,,1L63,-2.8,VAL,MET,A,10545167,,65,5.4,,0,21.6,-2.8,,,
1L63,A,V,149,149,-2.8,V,T,52,3,T,,1L63,-2.8,VAL,THR,A,8218201,,52,3,,0,-11.3,-2.8,,,
1L63,A,V,149,149,-4.4,V,S,59,5.4,S,,1L63,-4.4,VAL,SER,A,11316887,,59,5.4,,0,-45.3,-4.4,,,
1L63,A,T,152,152,-1.5,T,A,59,5.4,A,,1L63,-1.5,THR,ALA,A,11316887,,59,5.4,,0,-41,-1.5,,,
1L63,A,T,152,152,-0.5,T,C,59,5.4,C,,1L63,-0.5,THR,CYS,A,11316887,,59,5.4,,0,-26.5,-0.5,,,
1L63,A,T,152,152,-0.4,T,I,59,5.4,I,,1L63,-0.4,THR,ILE,A,11316887,,59,5.4,,0,31.6,-0.4,,,
1L63,A,T,152,152,-2,T,S,59,5.4,S,,1L63,-2,THR,SER,A,11316887,,59,5.4,,0,-34,-2,,,
1L63,A,T,152,152,0.2,T,V,59,5.4,V,,1L63,0.2,THR,VAL,A,11316887,,59,5.4,,0,11.3,0.2,,,
1L63,A,F,153,153,-3.8,F,A,65,5.7,A,,1L63,-3.8,PHE,ALA,A,8433369,,65,5.7,,0.7,-113.7,-3.8,,,
1L63,A,F,153,153,-0.2,F,I,65,5.7,I,,1L63,-0.2,PHE,ILE,A,8433369,,65,5.7,,0.7,-41.1,-0.2,,,
1L63,A,F,153,153,0.3,F,L,65,5.7,L,,1L63,0.3,PHE,LEU,A,8433369,,65,5.7,,0.7,-33.7,0.3,,,
1L63,A,F,153,153,-0.6,F,M,65,5.7,M,,1L63,-0.6,PHE,MET,A,8433369,,65,5.7,,0.7,-39.8,-0.6,,,
1L63,A,F,153,153,-1.8,F,V,65,5.7,V,,1L63,-1.8,PHE,VAL,A,8433369,,65,5.7,,0.7,-61.4,-1.8,,,
1LZ1,A,V,2,2,-1.5,V,A,65,2.7,A,,1LZ1,-1.5,VAL,ALA,A,11087397,,65,2.7,,60.1,-52.3,-1.5,,,
1LZ1,A,V,2,2,-1.3,V,G,65,2.7,G,,1LZ1,-1.3,VAL,GLY,A,11087397,,65,2.7,,60.1,-74.5,-1.3,,,
1LZ1,A,V,2,2,-1.4,V,S,65,2.7,S,,1LZ1,-1.4,VAL,SER,A,11927576,,65,2.7,,60.1,-45.3,-1.4,,,
1LZ1,A,V,2,2,-0.4,V,Y,65,2.7,Y,,1LZ1,-0.4,VAL,TYR,A,11927576,,65,2.7,,60.1,68.8,-0.4,,,
1LZ1,A,V,2,2,-1.4,V,D,65,2.7,D,,1LZ1,-1.4,VAL,ASP,A,11927576,,65,2.7,,60.1,-11.3,-1.4,,,
1LZ1,A,V,2,2,-1.3,V,N,65,2.7,N,,1LZ1,-1.3,VAL,ASN,A,11927576,,65,2.7,,60.1,-6.3,-1.3,,,
1LZ1,A,V,2,2,-0.4,V,R,65,2.7,R,,1LZ1,-0.4,VAL,ARG,A,11927576,,65,2.7,,60.1,29,-0.4,,,
1LZ1,A,V,2,2,0.3,V,L,65,2.7,L,,1LZ1,0.3,VAL,LEU,A,11087397,,65,2.7,,60.1,27.7,0.3,,,
1LZ1,A,V,2,2,-0.2,V,M,65,2.7,M,,1LZ1,-0.2,VAL,MET,A,11087397,,65,2.7,,60.1,21.6,-0.2,,,
1LZ1,A,V,2,2,-0.8,V,F,65,2.7,F,,1LZ1,-0.8,VAL,PHE,A,11087397,,65,2.7,,60.1,61.4,-0.8,,,
1LZ1,A,Y,20,20,-0.5,Y,F,65,2.7,F,,1LZ1,-0.5,TYR,PHE,A,9649316,,65,2.7,,22.7,-7.4,-0.5,,,
1LZ1,A,I,23,23,-2.5,I,A,65,2.7,A,,1LZ1,-2.5,ILE,ALA,A,9398521,,65,2.7,,8.2,-72.6,-2.5,,,
1LZ1,A,I,23,23,-0.4,I,V,65,2.7,V,,1LZ1,-0.4,ILE,VAL,A,7473760,,65,2.7,,8.2,-20.4,-0.4,,,
1LZ1,A,Y,38,38,-0.2,Y,F,65,2.7,F,,1LZ1,-0.2,TYR,PHE,A,9649316,,65,2.7,,9.3,-7.4,-0.2,,,
1LZ1,A,Y,45,45,0.1,Y,F,65,2.7,F,,1LZ1,0.1,TYR,PHE,A,9649316,,65,2.7,,54.2,-7.4,0.1,,,
1LZ1,A,A,47,47,0.1,A,P,69,2.8,P,,1LZ1,0.1,ALA,PRO,A,1643041,,69,2.8,,67.3,41,0.1,,,
1LZ1,A,Y,54,54,-1,Y,F,65,2.7,F,,1LZ1,-1,TYR,PHE,A,9649316,,65,2.7,,9.2,-7.4,-1,,,
1LZ1,A,I,56,56,-3.7,I,A,65,2.7,A,,1LZ1,-3.7,ILE,ALA,A,9398521,,65,2.7,,1.4,-72.6,-3.7,,,
1LZ1,A,I,56,56,-4.3,I,T,65,2.7,T,,1LZ1,-4.3,ILE,THR,A,9010773,,65,2.7,,1.4,-31.6,-4.3,,,
1LZ1,A,I,56,56,-1.2,I,V,65,2.7,V,,1LZ1,-1.2,ILE,VAL,A,7473760,,65,2.7,,1.4,-20.4,-1.2,,,
1LZ1,A,I,59,59,-1.7,I,A,65,2.7,A,,1LZ1,-1.7,ILE,ALA,A,9398521,,65,2.7,,1.6,-72.6,-1.7,,,
1LZ1,A,I,59,59,-3.8,I,G,65,2.7,G,,1LZ1,-3.8,ILE,GLY,A,9398521,,65,2.7,,1.6,-94.9,-3.8,,,
1LZ1,A,I,59,59,-1.1,I,V,65,2.7,V,,1LZ1,-1.1,ILE,VAL,A,7473760,,65,2.7,,1.6,-20.4,-1.1,,,
1LZ1,A,Y,63,63,-0.2,Y,F,65,2.7,F,,1LZ1,-0.2,TYR,PHE,A,9649316,,65,2.7,,51.1,-7.4,-0.2,,,
1LZ1,A,P,71,71,-1.6,P,G,69,2.8,G,,1LZ1,-1.6,PRO,GLY,A,1643041,,69,2.8,,46.3,-63.2,-1.6,,,
1LZ1,A,V,74,74,-0.4,V,A,65,2.7,A,,1LZ1,-0.4,VAL,ALA,A,11087397,,65,2.7,,54.5,-52.3,-0.4,,,
1LZ1,A,V,74,74,-0.1,V,G,65,2.7,G,,1LZ1,-0.1,VAL,GLY,A,11087397,,65,2.7,,54.5,-74.5,-0.1,,,
1LZ1,A,V,74,74,-1.9,V,I,65,2.7,I,,1LZ1,-1.9,VAL,ILE,A,11087397,,65,2.7,,54.5,20.4,-1.9,,,
1LZ1,A,V,74,74,-0.4,V,L,65,2.7,L,,1LZ1,-0.4,VAL,LEU,A,11087397,,65,2.7,,54.5,27.7,-0.4,,,
1LZ1,A,V,74,74,-0.4,V,M,65,2.7,M,,1LZ1,-0.4,VAL,MET,A,11087397,,65,2.7,,54.5,21.6,-0.4,,,
1LZ1,A,V,74,74,0,V,F,65,2.7,F,,1LZ1,0,VAL,PHE,A,11087397,,65,2.7,,54.5,61.4,0,,,
1LZ1,A,V,74,74,-0.3,V,Y,65,2.7,Y,,1LZ1,-0.3,VAL,TYR,A,11927576,,65,2.7,,54.5,68.8,-0.3,,,
1LZ1,A,V,74,74,-0.4,V,D,65,2.7,D,,1LZ1,-0.4,VAL,ASP,A,11927576,,65,2.7,,54.5,-11.3,-0.4,,,
1LZ1,A,V,74,74,-0.3,V,N,65,2.7,N,,1LZ1,-0.3,VAL,ASN,A,11927576,,65,2.7,,54.5,-6.3,-0.3,,,
1LZ1,A,V,74,74,-0.1,V,R,65,2.7,R,,1LZ1,-0.1,VAL,ARG,A,11927576,,65,2.7,,54.5,29,-0.1,,,
1LZ1,A,V,74,74,-0.4,V,S,65,2.7,S,,1LZ1,-0.4,VAL,SER,A,11927576,,65,2.7,,54.5,-45.3,-0.4,,,
1LZ1,A,C,77,77,-4.6,C,A,57,4.5,A,,1LZ1,-4.6,CYS,ALA,A,1525170,,57,4.5,,15.3,-14.5,-4.6,,,
1LZ1,A,I,89,89,-2.7,I,A,65,2.7,A,,1LZ1,-2.7,ILE,ALA,A,9398521,,65,2.7,,3.7,-72.6,-2.7,,,
1LZ1,A,I,89,89,-0.5,I,V,65,2.7,V,,1LZ1,-0.5,ILE,VAL,A,7473760,,65,2.7,,3.7,-20.4,-0.5,,,
1LZ1,A,D,91,91,-0.4,D,P,69,2.8,P,,1LZ1,-0.4,ASP,PRO,A,1643041,,69,2.8,,37.7,0,-0.4,,,
1LZ1,A,V,93,93,-0.7,V,A,65,2.7,A,,1LZ1,-0.7,VAL,ALA,A,9020766,,65,2.7,,2.7,-52.3,-0.7,,,
1LZ1,A,V,99,99,-1,V,A,65,2.7,A,,1LZ1,-1,VAL,ALA,A,9020766,,65,2.7,,1.6,-52.3,-1,,,
1LZ1,A,V,100,100,-0.3,V,A,65,2.7,A,,1LZ1,-0.3,VAL,ALA,A,9020766,,65,2.7,,0.8,-52.3,-0.3,,,
1LZ1,A,P,103,103,-0.1,P,G,69,2.8,G,,1LZ1,-0.1,PRO,GLY,A,1643041,,69,2.8,,92.4,-63.2,-0.1,,,
1LZ1,A,I,106,106,-0.9,I,A,65,2.7,A,,1LZ1,-0.9,ILE,ALA,A,9398521,,65,2.7,,2.8,-72.6,-0.9,,,
1LZ1,A,I,106,106,-0.7,I,V,65,2.7,V,,1LZ1,-0.7,ILE,VAL,A,7473760,,65,2.7,,2.8,-20.4,-0.7,,,
1LZ1,A,V,110,110,0.5,V,A,65,2.7,A,,1LZ1,0.5,VAL,ALA,A,11087397,,65,2.7,,47.9,-52.3,0.5,,,
1LZ1,A,V,110,110,0.2,V,D,65,2.7,D,,1LZ1,0.2,VAL,ASP,A,11927576,,65,2.7,,47.9,-11.3,0.2,,,
1LZ1,A,V,110,110,-2.2,V,G,65,2.7,G,,1LZ1,-2.2,VAL,GLY,A,11087397,,65,2.7,,47.9,-74.5,-2.2,,,
1LZ1,A,V,110,110,-0.8,V,I,65,2.7,I,,1LZ1,-0.8,VAL,ILE,A,11087397,,65,2.7,,47.9,20.4,-0.8,,,
1LZ1,A,V,110,110,0.1,V,L,65,2.7,L,,1LZ1,0.1,VAL,LEU,A,11087397,,65,2.7,,47.9,27.7,0.1,,,
1LZ1,A,V,110,110,0.4,V,M,65,2.7,M,,1LZ1,0.4,VAL,MET,A,11087397,,65,2.7,,47.9,21.6,0.4,,,
1LZ1,A,V,110,110,0.1,V,N,65,2.7,N,,1LZ1,0.1,VAL,ASN,A,11927576,,65,2.7,,47.9,-6.3,0.1,,,
1LZ1,A,V,110,110,0.9,V,R,65,2.7,R,,1LZ1,0.9,VAL,ARG,A,11927576,,65,2.7,,47.9,29,0.9,,,
1LZ1,A,V,110,110,-1.9,V,F,65,2.7,F,,1LZ1,-1.9,VAL,PHE,A,11087397,,65,2.7,,47.9,61.4,-1.9,,,
1LZ1,A,V,110,110,0.5,V,P,69,2.8,P,,1LZ1,0.5,VAL,PRO,A,1643041,,69,2.8,,47.9,-11.3,0.5,,,
1LZ1,A,V,110,110,-0.1,V,Y,65,2.7,Y,,1LZ1,-0.1,VAL,TYR,A,11927576,,65,2.7,,47.9,68.8,-0.1,,,
1LZ1,A,V,121,121,-1.4,V,A,65,2.7,A,,1LZ1,-1.4,VAL,ALA,A,9020766,,65,2.7,,8,-52.3,-1.4,,,
1LZ1,A,Y,124,124,-0.4,Y,F,65,2.7,F,,1LZ1,-0.4,TYR,PHE,A,9649316,,65,2.7,,8.6,-7.4,-0.4,,,
1LZ1,A,V,125,125,-1.3,V,A,65,2.7,A,,1LZ1,-1.3,VAL,ALA,A,9020766,,65,2.7,,16.1,-52.3,-1.3,,,
1LZ1,A,V,130,130,-0.8,V,A,65,2.7,A,,1LZ1,-0.8,VAL,ALA,A,9020766,,65,2.7,,51.1,-52.3,-0.8,,,
1OH0,A,Y,32,32,0.2,Y,F,25,7,F,,1OH0,0.2,TYR,PHE,A,10769113,,25,7,,0,-7.4,0.2,,,
1OH0,A,Y,57,57,-1.2,Y,F,25,7,F,,1OH0,-1.2,TYR,PHE,A,10769113,,25,7,,4.8,-7.4,-1.2,,,
1RN1,C,Q,25,25,1.4,Q,K,25,7,K,,1RN1,1.4,GLN,LYS,C,2663837,,25,7,,44.1,12.1,1.4,,,
1VQB,A,I,47,47,-0.4,I,L,25,7.1,L,,1VQB,-0.4,ILE,LEU,A,2000379,,25,7.1,,2,7.3,-0.4,,,
1VQB,A,I,47,47,-1.7,I,M,25,7.1,M,,1VQB,-1.7,ILE,MET,A,2000379,,25,7.1,,2,1.2,-1.7,,,
1VQB,A,I,47,47,-2,I,V,25,7.1,V,,1VQB,-2,ILE,VAL,A,2000379,,25,7.1,,2,-20.4,-2,,,
1VQB,A,V,35,35,-0.6,V,I,25,7.1,I,,1VQB,-0.6,VAL,ILE,A,2000379,,25,7.1,,6.1,20.4,-0.6,,,
1VQB,A,Y,41,41,-3.2,Y,F,25,7.1,F,,1VQB,-3.2,TYR,PHE,A,8378307,,25,7.1,,80.1,-7.4,-3.2,,,
2LZM,A,I,3,3,0.7,I,L,70,5.4,L,,2LZM,0.7,ILE,LEU,A,8771182,,70,5.4,,12.1,7.3,0.7,,,
2LZM,A,I,3,3,0,I,C,65,6.5,C,,2LZM,0,ILE,CYS,A,3405287,,65,6.5,,12.1,-58.1,0,,,
2LZM,A,I,3,3,-3,I,P,39,2,P,,2LZM,-3,ILE,PRO,A,1420185,,39,2,,12.1,-31.6,-3,,,
2LZM,A,I,3,3,-2.3,I,Y,65,6.5,Y,,2LZM,-2.3,ILE,TYR,A,3405287,,65,6.5,,12.1,48.4,-2.3,,,
2LZM,A,I,3,3,-0.4,I,V,65,6.5,V,,2LZM,-0.4,ILE,VAL,A,3405287,,65,6.5,,12.1,-20.4,-0.4,,,
2LZM,A,M,6,6,-1.4,M,I,65,6.5,I,,2LZM,-1.4,MET,ILE,A,1854726,,65,6.5,,0,-1.2,-1.4,,,
2LZM,A,K,16,16,0.5,K,E,67,5.3,E,,2LZM,0.5,LYS,GLU,A,1942034,,67,5.3,,53.6,-12.1,0.5,,,
2LZM,A,S,38,38,0.6,S,D,70,5.4,D,,2LZM,0.6,SER,ASP,A,8771182,,70,5.4,,42.3,34,0.6,,,
2LZM,A,N,55,55,-0.6,N,G,42,6.5,G,,2LZM,-0.6,ASN,GLY,A,2511328,,42,6.5,,74.8,-68.2,-0.6,,,
2LZM,A,K,60,60,0,K,P,65,6.5,P,,2LZM,0,LYS,PRO,A,1457724,,65,6.5,,46.4,-39,0,,,
2LZM,A,G,77,77,0.4,G,A,65,6.5,A,,2LZM,0.4,GLY,ALA,A,3477797,,65,6.5,,3.7,22.2,0.4,,,
2LZM,A,A,82,82,0.8,A,P,65,6.5,P,,2LZM,0.8,ALA,PRO,A,3477797,,65,6.5,,73.9,41,0.8,,,
2LZM,A,K,85,85,-0.6,K,A,58,5.4,A,,2LZM,-0.6,LYS,ALA,A,19384988,,58,5.4,,35.5,-80,-0.6,,,
2LZM,A,D,89,89,-0.5,D,A,58,5.4,A,,2LZM,-0.5,ASP,ALA,A,19384988,,58,5.4,,47.3,-41,-0.5,,,
2LZM,A,R,96,96,-2,R,A,58,5.4,A,,2LZM,-2,ARG,ALA,A,19384988,,58,5.4,,29.9,-81.2,-2,,,
2LZM,A,R,96,96,-3.5,R,D,58,5.4,D,,2LZM,-3.5,ARG,ASP,A,19384988,,58,5.4,,29.9,-40.2,-3.5,,,
2LZM,A,R,96,96,-2.7,R,M,58,5.4,M,,2LZM,-2.7,ARG,MET,A,19384988,,58,5.4,,29.9,-7.4,-2.7,,,
2LZM,A,R,96,96,-2.5,R,E,58,5.4,E,,2LZM,-2.5,ARG,GLU,A,19384988,,58,5.4,,29.9,-13.3,-2.5,,,
2LZM,A,R,96,96,-2.6,R,G,58,5.4,G,,2LZM,-2.6,ARG,GLY,A,19384988,,58,5.4,,29.9,-103.4,-2.6,,,
2LZM,A,R,96,96,-0.3,R,Q,58,5.4,Q,,2LZM,-0.3,ARG,GLN,A,19384988,,58,5.4,,29.9,-13.3,-0.3,,,
2LZM,A,R,96,96,-3.1,R,H,58,5.4,H,,2LZM,-3.1,ARG,HIS,A,19384988,,58,5.4,,29.9,-7.4,-3.1,,,
2LZM,A,R,96,96,-3,R,N,58,5.4,N,,2LZM,-3,ARG,ASN,A,19384988,,58,5.4,,29.9,-35.2,-3,,,
2LZM,A,R,96,96,0,R,K,58,5.4,K,,2LZM,0,ARG,LYS,A,19384988,,58,5.4,,29.9,-1.3,0,,,
2LZM,A,R,96,96,-2.6,R,S,58,5.4,S,,2LZM,-2.6,ARG,SER,A,19384988,,58,5.4,,29.9,-74.3,-2.6,,,
2LZM,A,R,96,96,-4.7,R,Y,58,5.4,Y,,2LZM,-4.7,ARG,TYR,A,19384988,,58,5.4,,29.9,39.8,-4.7,,,
2LZM,A,R,96,96,-2.4,R,V,58,5.4,V,,2LZM,-2.4,ARG,VAL,A,19384988,,58,5.4,,29.9,-29,-2.4,,,
2LZM,A,R,96,96,-4.5,R,W,58,5.4,W,,2LZM,-4.5,ARG,TRP,A,19384988,,58,5.4,,29.9,63.3,-4.5,,,
2LZM,A,A,98,98,-4.9,A,V,40,3,V,,2LZM,-4.9,ALA,VAL,A,1920439,,40,3,,0,52.3,-4.9,,,
2LZM,A,Q,105,105,-0.6,Q,A,66,5.8,A,,2LZM,-0.6,GLN,ALA,A,8460110,,66,5.8,,29.6,-67.9,-0.6,,,
2LZM,A,Q,105,105,-1.1,Q,E,66,5.8,E,,2LZM,-1.1,GLN,GLU,A,8460110,,66,5.8,,29.6,0,-1.1,,,
2LZM,A,Q,105,105,-1.5,Q,G,66,5.8,G,,2LZM,-1.5,GLN,GLY,A,8460110,,66,5.8,,29.6,-90.1,-1.5,,,
2LZM,A,G,113,113,0.3,G,A,65,6.5,A,,2LZM,0.3,GLY,ALA,A,1457724,,65,6.5,,61.3,22.2,0.3,,,
2LZM,A,T,115,115,0.3,T,E,65,6.5,E,,2LZM,0.3,THR,GLU,A,1854726,,65,6.5,,57.7,26.9,0.3,,,
2LZM,A,N,116,116,0.6,N,D,66,5.7,D,,2LZM,0.6,ASN,ASP,A,1911773,,66,5.7,,52,-5,0.6,,,
2LZM,A,R,119,119,0,R,E,67,5.3,E,,2LZM,0,ARG,GLU,A,1942034,,67,5.3,,44.4,-13.3,0,,,
2LZM,A,Q,123,123,0.4,Q,E,65,6.5,E,,2LZM,0.4,GLN,GLU,A,1854726,,65,6.5,,51.7,0,0.4,,,
2LZM,A,K,124,124,-0.1,K,G,42,6.5,G,,2LZM,-0.1,LYS,GLY,A,2511328,,42,6.5,,42.9,-102.2,-0.1,,,
2LZM,A,V,131,131,0.3,V,A,41,2,A,,2LZM,0.3,VAL,ALA,A,1304917,,41,2,,55.1,-52.3,0.3,,,
2LZM,A,V,131,131,0.1,V,D,53,3,D,,2LZM,0.1,VAL,ASP,A,8289284,,53,3,,55.1,-11.3,0.1,,,
2LZM,A,V,131,131,-0.7,V,G,53,3,G,,2LZM,-0.7,VAL,GLY,A,8289284,,53,3,,55.1,-74.5,-0.7,,,
2LZM,A,V,131,131,0.2,V,I,53,3,I,,2LZM,0.2,VAL,ILE,A,8289284,,53,3,,55.1,20.4,0.2,,,
2LZM,A,V,131,131,0.1,V,L,53,3,L,,2LZM,0.1,VAL,LEU,A,8289284,,53,3,,55.1,27.7,0.1,,,
2LZM,A,V,131,131,-0.1,V,S,53,3,S,,2LZM,-0.1,VAL,SER,A,8289284,,53,3,,55.1,-45.3,-0.1,,,
2LZM,A,V,131,131,0.1,V,M,53,3,M,,2LZM,0.1,VAL,MET,A,8289284,,53,3,,55.1,21.6,0.1,,,
2LZM,A,V,131,131,0.2,V,E,53,3,E,,2LZM,0.2,VAL,GLU,A,8289284,,53,3,,55.1,15.6,0.2,,,
2LZM,A,L,133,133,-4.2,L,A,41,2,A,,2LZM,-4.2,LEU,ALA,A,1304917,,41,2,,0.6,-80,-4.2,,,
2LZM,A,K,135,135,-1,K,E,67,5.3,E,,2LZM,-1,LYS,GLU,A,1942034,,67,5.3,,65,-12.1,-1,,,
2LZM,A,N,144,144,0.4,N,D,70,5.4,D,,2LZM,0.4,ASN,ASP,A,8771182,,70,5.4,,67,-5,0.4,,,
2LZM,A,K,147,147,-0.7,K,E,67,5.3,E,,2LZM,-0.7,LYS,GLU,A,1942034,,67,5.3,,38,-12.1,-0.7,,,
2LZM,A,V,149,149,-2.2,V,C,40,3,C,,2LZM,-2.2,VAL,CYS,A,1920439,,40,3,,0,-37.8,-2.2,,,
2LZM,A,T,152,152,-2.6,T,S,40,3,S,,2LZM,-2.6,THR,SER,A,1920439,,40,3,,0,-34,-2.6,,,
2LZM,A,R,154,154,-1.1,R,E,67,5.3,E,,2LZM,-1.1,ARG,GLU,A,1942034,,67,5.3,,32.8,-13.3,-1.1,,,
2LZM,A,G,156,156,-2.3,G,D,65,6.5,D,,2LZM,-2.3,GLY,ASP,A,3680274,,65,6.5,,20.3,63.2,-2.3,,,
2LZM,A,T,157,157,-0.5,T,A,54,3,A,,2LZM,-0.5,THR,ALA,A,1993203,,54,3,,32.1,-41,-0.5,,,
2LZM,A,T,157,157,-1.3,T,C,42,2,C,,2LZM,-1.3,THR,CYS,A,24591301,,42,2,,32.1,-26.5,-1.3,,,
2LZM,A,T,157,157,-1.1,T,D,42,2,D,,2LZM,-1.1,THR,ASP,A,24591301,,42,2,,32.1,0,-1.1,,,
2LZM,A,T,157,157,-0.8,T,E,54,3,E,,2LZM,-0.8,THR,GLU,A,1993203,,54,3,,32.1,26.9,-0.8,,,
2LZM,A,T,157,157,-2.4,T,F,42,2,F,,2LZM,-2.4,THR,PHE,A,24591301,,42,2,,32.1,72.7,-2.4,,,
2LZM,A,T,157,157,-1.1,T,G,42,2,G,,2LZM,-1.1,THR,GLY,A,24591301,,42,2,,32.1,-63.2,-1.1,,,
2LZM,A,T,157,157,-2.1,T,H,42,2,H,,2LZM,-2.1,THR,HIS,A,24591301,,42,2,,32.1,32.8,-2.1,,,
2LZM,A,T,157,157,-1.5,T,I,54,3,I,,2LZM,-1.5,THR,ILE,A,1993203,,54,3,,32.1,31.6,-1.5,,,
2LZM,A,T,157,157,-1.7,T,L,54,3,L,,2LZM,-1.7,THR,LEU,A,1993203,,54,3,,32.1,39,-1.7,,,
2LZM,A,T,157,157,-1.2,T,N,54,3,N,,2LZM,-1.2,THR,ASN,A,1993203,,54,3,,32.1,5,-1.2,,,
2LZM,A,T,157,157,0.3,T,R,54,3,R,,2LZM,0.3,THR,ARG,A,1993203,,54,3,,32.1,40.2,0.3,,,
2LZM,A,T,157,157,-0.7,T,S,42,2,S,,2LZM,-0.7,THR,SER,A,24591301,,42,2,,32.1,-34,-0.7,,,
2LZM,A,T,157,157,-1.2,T,V,54,3,V,,2LZM,-1.2,THR,VAL,A,1993203,,54,3,,32.1,11.3,-1.2,,,
2RN2,A,D,10,10,0.9,D,N,50,6,N,,2RN2,0.9,ASP,ASN,A,8955106,,50,6,,9,5,0.9,,,
2RN2,A,E,48,48,0.2,E,Q,50,6,Q,,2RN2,0.2,GLU,GLN,A,8955106,,50,6,,11.1,0,0.2,,,
2RN2,A,A,52,52,-0.5,A,F,53,3.2,F,,2RN2,-0.5,ALA,PHE,A,9228039,,53,3.2,,0.3,113.7,-0.5,,,
2RN2,A,A,52,52,1.9,A,I,53,3.2,I,,2RN2,1.9,ALA,ILE,A,9228039,,53,3.2,,0.3,72.6,1.9,,,
2RN2,A,A,52,52,1.3,A,L,53,3.2,L,,2RN2,1.3,ALA,LEU,A,9228039,,53,3.2,,0.3,80,1.3,,,
2RN2,A,A,52,52,1.7,A,V,53,3.2,V,,2RN2,1.7,ALA,VAL,A,9228039,,53,3.2,,0.3,52.3,1.7,,,
2RN2,A,H,62,62,0.4,H,A,25,5.5,A,,2RN2,0.4,HIS,ALA,A,1645658,,25,5.5,,66.1,-73.8,0.4,,,
2RN2,A,H,62,62,1.1,H,P,25,5.5,P,,2RN2,1.1,HIS,PRO,A,1328237,,25,5.5,,66.1,-32.8,1.1,,,
2RN2,A,D,70,70,0.9,D,N,50,6,N,,2RN2,0.9,ASP,ASN,A,8955106,,50,6,,36.3,5,0.9,,,
2RN2,A,V,74,74,1,V,L,53,5.5,L,,2RN2,1,VAL,LEU,A,3191114,,53,5.5,,0.5,27.7,1,,,
2RN2,A,V,74,74,0.6,V,I,53,5.5,I,,2RN2,0.6,VAL,ILE,A,3191114,,53,5.5,,0.5,20.4,0.6,,,
2RN2,A,G,77,77,-0.9,G,A,50,3,A,,2RN2,-0.9,GLY,ALA,A,8393706,,50,3,,0,22.2,-0.9,,,
2RN2,A,K,95,95,0.1,K,A,52,5.5,A,,2RN2,0.1,LYS,ALA,A,1331044,,52,5.5,,61.8,-80,0.1,,,
2RN2,A,K,95,95,1.9,K,G,52,5.5,G,,2RN2,1.9,LYS,GLY,A,1331044,,52,5.5,,61.8,-102.2,1.9,,,
2RN2,A,K,95,95,0.9,K,N,52,5.5,N,,2RN2,0.9,LYS,ASN,A,1331044,,52,5.5,,61.8,-34,0.9,,,
2RN2,A,D,134,134,2.1,D,A,50,5.5,A,,2RN2,2.1,ASP,ALA,A,8125123,,50,5.5,,33.9,-41,2.1,,,
2RN2,A,D,134,134,2.3,D,H,50,5.5,H,,2RN2,2.3,ASP,HIS,A,8125123,,50,5.5,,33.9,32.8,2.3,,,
2RN2,A,D,134,134,1,D,N,50,5.5,N,,2RN2,1,ASP,ASN,A,8125123,,50,5.5,,33.9,5,1,,,
4LYZ,A,M,12,12,0.5,M,F,35,5.5,F,,4LYZ,0.5,MET,PHE,A,11266617,,35,5.5,,1.5,39.8,0.5,,,
4LYZ,A,M,12,12,-0.4,M,L,35,5.5,L,,4LYZ,-0.4,MET,LEU,A,11266617,,35,5.5,,1.5,6.1,-0.4,,,
4LYZ,A,T,40,40,-0.3,T,S,74,6.4,S,,4LYZ,-0.3,THR,SER,A,8535241,,74,6.4,,0.8,-34,-0.3,,,
4LYZ,A,G,49,49,-0.7,G,A,25,2.7,A,,4LYZ,-0.7,GLY,ALA,A,11112507,,25,2.7,,22.3,22.2,-0.7,,,
4LYZ,A,I,55,55,-0.9,I,V,74,6.4,V,,4LYZ,-0.9,ILE,VAL,A,8535241,,74,6.4,,2.5,-20.4,-0.9,,,
4LYZ,A,I,58,58,-1.2,I,M,35,5.5,M,,4LYZ,-1.2,ILE,MET,A,11477222,,35,5.5,,1.6,1.2,-1.2,,,
4LYZ,A,G,67,67,-0.5,G,A,25,2.7,A,,4LYZ,-0.5,GLY,ALA,A,11112507,,25,2.7,,80.6,22.2,-0.5,,,
4LYZ,A,G,71,71,-2.1,G,A,25,2.7,A,,4LYZ,-2.1,GLY,ALA,A,11112507,,25,2.7,,37,22.2,-2.1,,,
4LYZ,A,I,78,78,-0.9,I,M,35,5.5,M,,4LYZ,-0.9,ILE,MET,A,11477222,,35,5.5,,30.1,1.2,-0.9,,,
4LYZ,A,S,91,91,-0.2,S,A,74,6.4,A,,4LYZ,-0.2,SER,ALA,A,8535241,,74,6.4,,0.3,-6.9,-0.2,,,
4LYZ,A,S,91,91,1,S,T,74,6.4,T,,4LYZ,1,SER,THR,A,8535241,,74,6.4,,0.3,34,1,,,
4LYZ,A,I,98,98,-0.9,I,M,35,5.5,M,,4LYZ,-0.9,ILE,MET,A,11477222,,35,5.5,,5.5,1.2,-0.9,,,
4LYZ,A,G,102,102,-1.2,G,A,25,2.7,A,,4LYZ,-1.2,GLY,ALA,A,11112507,,25,2.7,,65.2,22.2,-1.2,,,
4LYZ,A,G,117,117,-0.8,G,A,25,2.7,A,,4LYZ,-0.8,GLY,ALA,A,11112507,,25,2.7,,90,22.2,-0.8,,,
5PTI,A,F,22,22,-1.2,F,A,25,2,A,,5PTI,-1.2,PHE,ALA,A,7686069,,25,2,,9.8,-113.7,-1.2,,,
5PTI,A,Y,23,23,-5.9,Y,A,25,2,A,,5PTI,-5.9,TYR,ALA,A,7686069,,25,2,,6.2,-121,-5.9,,,
5PTI,A,Y,35,35,-5,Y,G,25,2,G,,5PTI,-5,TYR,GLY,A,7686069,,25,2,,7.3,-143.3,-5,,,
5PTI,A,N,43,43,-5.7,N,G,25,2,G,,5PTI,-5.7,ASN,GLY,A,7686069,,25,2,,1.5,-68.2,-5.7,,,
5PTI,A,F,45,45,-6.9,F,A,25,2,A,,5PTI,-6.9,PHE,ALA,A,7686069,,25,2,,7.3,-113.7,-6.9,,,